soc_code,onet_title,name_id,name_alt,relevance,note,sectors,job_zone,riasec_top,description
11-2011.00,Advertising and Promotions Managers,Manajer Periklanan dan Promosi,Advertising Manager;Manajer Iklan,umum,,Kreatif & Media Digital,4,E,"Plan, direct, or coordinate advertising policies and programs or produce collateral materials, such as posters, contests, coupons, or giveaways, to create extra interest in the purchase of a product or service for a department, an entire organization, or on an account basis."
11-2022.00,Sales Managers,Sales Manager,Manajer Penjualan,umum,,E-commerce & Perdagangan,4,E,"Plan, direct, or coordinate the actual distribution or movement of a product or service to the customer. Coordinate sales distribution by establishing sales territories, quotas, and goals and establish training programs for sales representatives. Analyze sales statistics gathered by staff to determi"
11-2032.00,Public Relations Managers,Manajer Public Relations (PR),Manajer Humas;PR Manager,umum,,Kreatif & Media Digital,4,E,"Plan, direct, or coordinate activities designed to create or maintain a favorable public image or raise issue awareness for their organization or client."
11-3031.00,Financial Managers,Manajer Keuangan,Finance Manager,umum,,Perbankan & Fintech,4,E,"Plan, direct, or coordinate accounting, investing, banking, insurance, securities, and other financial activities of a branch, office, or department of an establishment."
11-3031.01,Treasurers and Controllers,Treasurer / Kontroler Keuangan,Manajer Treasury;Finance Controller,terbatas,"Di Indonesia fungsi treasurer & controller biasanya digabung dalam satu peran 'Manajer Keuangan/Finance Controller', jarang berdiri sebagai jabatan terpisah bernama persis 'Treasurer'.",Perbankan & Fintech,4,C,"Direct financial activities, such as planning, procurement, and investments for all or part of an organization."
11-3031.03,Investment Fund Managers,Manajer Investasi,Fund Manager;Portfolio Manager,umum,,Perbankan & Fintech,5,E,"Plan, direct, or coordinate investment strategy or operations for a large pool of liquid assets supplied by institutional investors or individual investors."
11-3051.00,Industrial Production Managers,Manajer Produksi,Production Manager;Plant Manager,umum,,FMCG,4,E,"Plan, direct, or coordinate the work activities and resources necessary for manufacturing products in accordance with cost, quality, and quantity specifications."
11-3051.01,Quality Control Systems Managers,Manajer QA/QC,Quality Assurance Manager;Quality Control Manager,umum,,FMCG,4,C,"Plan, direct, or coordinate quality assurance programs. Formulate quality control policies and control quality of laboratory and production efforts."
11-3051.02,Geothermal Production Managers,Manajer Produksi Panas Bumi,Geothermal Plant Manager,tidak_relevan,"Bukan peran FMCG; ini manajemen pembangkit panas bumi (sektor energi), tampaknya salah kategori di data sumber.",Energi & Pertambangan,3,R,Manage operations at geothermal power generation facilities. Maintain and monitor geothermal plant equipment for efficient and safe plant operations.
11-3051.03,Biofuels Production Managers,Manajer Produksi Biofuel,Biofuel Plant Manager,tidak_relevan,"Bukan peran FMCG khas; industri biofuel di Indonesia masuk sektor energi, bukan barang konsumsi.",Energi & Pertambangan,4,E,"Manage biofuels production and plant operations. Collect and process information on plant production and performance, diagnose problems, and design corrective procedures."
11-3051.04,Biomass Power Plant Managers,Manajer Pembangkit Biomassa,Biomass Power Plant Manager,tidak_relevan,"Peran sektor energi (PLTBm), bukan FMCG; ikut tag FMCG karena tampaknya salah kategori data sumber.",Energi & Pertambangan,4,C,"Manage operations at biomass power generation facilities. Direct work activities at plant, including supervision of operations and maintenance staff."
11-3051.06,Hydroelectric Production Managers,Manajer Pembangkit Hidroelektrik,Hydro Power Plant Manager,tidak_relevan,"Peran sektor energi (PLTA), bukan FMCG.",Energi & Pertambangan,3,R,Manage operations at hydroelectric power generation facilities. Maintain and monitor hydroelectric plant equipment for efficient and safe plant operations.
11-3061.00,Purchasing Managers,Purchasing Manager,Manajer Pembelian;Manajer Procurement,umum,,E-commerce & Perdagangan,4,E,"Plan, direct, or coordinate the activities of buyers, purchasing officers, and related workers involved in purchasing materials, products, and services. Includes wholesale or retail trade merchandising managers and procurement managers."
11-3071.04,Supply Chain Managers,Supply Chain Manager,Manajer Rantai Pasok,umum,,E-commerce & Perdagangan,4,E,"Direct or coordinate production, purchasing, warehousing, distribution, or financial forecasting services or activities to limit costs and improve accuracy, customer service, or safety. Examine existing procedures or opportunities for streamlining activities to meet product distribution needs. Direc"
11-9199.00,"Managers, All Other",Manajer (Lainnya),General Manager;Manajer Lainnya,umum,"Kategori catch-all O*NET, tidak spesifik pada satu jabatan.",FMCG,,,All managers not listed separately.
11-9199.01,Regulatory Affairs Managers,Manajer Regulatory Affairs,Manajer Urusan Regulasi,umum,,FMCG,4,E,"Plan, direct, or coordinate production activities of an organization to ensure compliance with regulations and standard operating procedures."
11-9199.02,Compliance Managers,Manajer Compliance,Manajer Kepatuhan,umum,,FMCG,4,C,"Plan, direct, or coordinate activities of an organization to ensure compliance with ethical or regulatory standards."
11-9199.08,Loss Prevention Managers,Manajer Loss Prevention,Manajer Asset Protection;Manajer Keamanan Aset,terbatas,Lebih umum di retail modern/peritel besar daripada pabrik FMCG murni.,FMCG,4,C,"Plan and direct policies, procedures, or systems to prevent the loss of assets. Determine risk exposure or potential liability, and develop risk control measures."
11-9199.09,Wind Energy Operations Managers,Manajer Operasional PLTB (Tenaga Angin),Wind Farm Operations Manager,tidak_relevan,"Sektor energi angin, bukan FMCG.",Energi & Pertambangan,3,E,"Manage wind field operations, including personnel, maintenance activities, financial activities, and planning."
11-9199.10,Wind Energy Development Managers,Manajer Pengembangan PLTB,Wind Energy Development Manager,tidak_relevan,"Sektor energi angin, bukan FMCG.",Energi & Pertambangan,4,E,"Lead or manage the development and evaluation of potential wind energy business opportunities, including environmental studies, permitting, and proposals. May also manage construction of projects."
11-9199.11,Brownfield Redevelopment Specialists and Site Managers,Spesialis Remediasi Lahan Terkontaminasi,Brownfield Site Manager,tidak_relevan,"perlu verifikasi; peran sangat niche (remediasi lahan bekas industri), praktis tidak ada padanan pasar kerja umum di Indonesia.",FMCG,4,C,Plan and direct cleanup and redevelopment of contaminated properties for reuse. Does not include properties sufficiently contaminated to qualify as Superfund sites.
13-1011.00,"Agents and Business Managers of Artists, Performers, and Athletes",Manajer Artis,Agen Artis;Talent Manager,umum,,Kreatif & Media Digital,4,E,"Represent and promote artists, performers, and athletes in dealings with current or prospective employers. May handle contract negotiation and other business matters for clients."
13-1021.00,"Buyers and Purchasing Agents, Farm Products",Buyer Komoditas Pertanian,Pembeli Hasil Pertanian;Grain Buyer,terbatas,"Niche, lebih umum di trading komoditas/agribisnis daripada e-commerce ritel",E-commerce & Perdagangan,4,E,"Purchase farm products either for further processing or resale. Includes tree farm contractors, grain brokers and market operators, grain buyers, and tobacco buyers. May negotiate contracts."
13-1022.00,"Wholesale and Retail Buyers, Except Farm Products",Buyer,Merchandiser;Category Buyer,umum,Di e-commerce Indonesia perannya sering menyatu dengan Category Manager/Merchandiser,E-commerce & Perdagangan,3,E,"Buy merchandise or commodities, other than farm products, for resale to consumers at the wholesale or retail level, including both durable and nondurable goods. Analyze past buying trends, sales records, price, and quality of merchandise to determine value and yield. Select, order, and authorize pay"
13-1023.00,"Purchasing Agents, Except Wholesale, Retail, and Farm Products",Purchasing Officer,Staff Purchasing;Procurement Officer,umum,,E-commerce & Perdagangan,4,C,"Purchase machinery, equipment, tools, parts, supplies, or services necessary for the operation of an establishment. Purchase raw or semifinished materials for manufacturing. May negotiate contracts."
13-1032.00,"Insurance Appraisers, Auto Damage",Surveyor Klaim Kendaraan (Asuransi),Adjuster Klaim Mobil;Estimator Kerusakan Kendaraan,umum,,Perbankan & Fintech,3,C,Appraise automobile or other vehicle damage to determine repair costs for insurance claim settlement. Prepare insurance forms to indicate repair cost or cost estimates and recommendations. May seek agreement with automotive repair shop on repair costs.
13-1041.00,Compliance Officers,Compliance Officer,Petugas Kepatuhan,umum,,Perbankan & Fintech,4,C,"Examine, evaluate, and investigate eligibility for or conformity with laws and regulations governing contract compliance of licenses and permits, and perform other compliance and enforcement inspection and analysis activities not classified elsewhere."
13-1041.01,Environmental Compliance Inspectors,Inspektur Kepatuhan Lingkungan,,tidak_relevan,"Peran terkait regulasi lingkungan (mirip EPA AS), tidak spesifik ke sektor perbankan/fintech Indonesia.",Perbankan & Fintech,4,C,"Inspect and investigate sources of pollution to protect the public and environment and ensure conformance with Federal, State, and local regulations and ordinances."
13-1041.03,Equal Opportunity Representatives and Officers,Petugas Kesetaraan Kesempatan Kerja,,tidak_relevan,Terikat kerangka hukum antidiskriminasi AS (EEOC); belum lazim sebagai jabatan mandiri di Indonesia.,Perbankan & Fintech,4,E,"Monitor and evaluate compliance with equal opportunity laws, guidelines, and policies to ensure that employment practices and contracting arrangements give equal opportunity without regard to race, religion, color, national origin, sex, age, or disability."
13-1041.04,Government Property Inspectors and Investigators,Inspektur Properti Pemerintah,,tidak_relevan,"Peran pengawasan aset pemerintah khas AS, tidak terkait perbankan/fintech.",Perbankan & Fintech,3,C,Investigate or inspect government property to ensure compliance with contract agreements and government regulations.
13-1041.07,Regulatory Affairs Specialists,Spesialis Urusan Regulasi,Regulatory Affairs Officer,terbatas,Lebih umum dipakai di sektor farmasi/kesehatan; di perbankan fungsi ini biasanya melebur ke Compliance Officer.,Perbankan & Fintech,4,C,"Coordinate and document internal regulatory processes, such as internal audits, inspections, license renewals, or registrations. May compile and prepare materials for submission to regulatory agencies."
13-1041.08,Customs Brokers,Pengusaha Pengurusan Jasa Kepabeanan (PPJK),Customs Broker,tidak_relevan,"Profesi kepabeanan/logistik, bukan peran perbankan atau fintech.",E-commerce & Perdagangan,3,C,Prepare customs documentation and ensure that shipments meet all applicable laws to facilitate the import and export of goods. Determine and track duties and taxes payable and process payments on behalf of client. Sign documents under a power of attorney. Represent clients in meetings with customs o
13-1081.00,Logisticians,Supply Chain Analyst,Logistics Specialist;Staff Logistik Senior,umum,,E-commerce & Perdagangan,4,C,"Analyze and coordinate the ongoing logistical functions of a firm or organization. Responsible for the entire life cycle of a product, including acquisition, distribution, internal allocation, delivery, and final disposal of resources."
13-1081.01,Logistics Engineers,Logistics Engineer,Insinyur Logistik,terbatas,"Perlu verifikasi; peran spesifik ini jarang jadi titel tersendiri di Indonesia, biasanya melebur ke Supply Chain Analyst/Engineer",E-commerce & Perdagangan,4,C,"Design or analyze operational solutions for projects such as transportation optimization, network modeling, process and methods analysis, cost containment, capacity enhancement, routing and shipment optimization, or information management."
13-1081.02,Logistics Analysts,Supply Chain Analyst,Logistics Analyst,umum,,E-commerce & Perdagangan,4,C,"Analyze product delivery or supply chain processes to identify or recommend changes. May manage route activity including invoicing, electronic bills, and shipment tracing."
13-1161.00,Market Research Analysts and Marketing Specialists,Marketing Specialist,Market Research Analyst;Riset Pasar,umum,,E-commerce & Perdagangan,4,E,"Research conditions in local, regional, national, or online markets. Gather information to determine potential sales of a product or service, or plan a marketing or advertising campaign. May gather information on competitors, prices, sales, and methods of marketing and distribution. May employ searc"
13-1161.01,Search Marketing Strategists,SEO/SEM Specialist,Search Marketing Strategist;Digital Marketing Specialist,umum,,E-commerce & Perdagangan,4,E,"Employ search marketing tactics to increase visibility and engagement with content, products, or services in Internet-enabled devices or interfaces. Examine search query behaviors on general or specialty search engines or other Internet-based content. Analyze research, data, or technology to underst"
13-2011.00,Accountants and Auditors,Akuntan / Auditor,Akuntan Publik;Internal Auditor,umum,,Perbankan & Fintech,4,C,"Examine, analyze, and interpret accounting records to prepare financial statements, give advice, or audit and evaluate statements prepared by others. Install or advise on systems of recording costs or other financial and budgetary data."
13-2022.00,Appraisers of Personal and Business Property,Penilai Aset Pribadi & Bisnis (Non-Properti),Appraiser Barang Berharga,terbatas,"Ada, tapi jauh lebih jarang dibanding penilai properti/real estat.",Perbankan & Fintech,4,C,"Appraise and estimate the fair value of tangible personal or business property, such as jewelry, art, antiques, collectibles, and equipment. May also appraise land."
13-2023.00,Appraisers and Assessors of Real Estate,Penilai Properti (Real Estat),Appraiser Agunan;Penilai Publik,umum,,Perbankan & Fintech,4,C,"Appraise real estate, exclusively, and estimate its fair value. May assess taxes in accordance with prescribed schedules."
13-2031.00,Budget Analysts,Analis Anggaran,Budget Analyst,umum,,Perbankan & Fintech,4,C,"Examine budget estimates for completeness, accuracy, and conformance with procedures and regulations. Analyze budgeting and accounting reports."
13-2041.00,Credit Analysts,Analis Kredit,Credit Analyst,umum,,Perbankan & Fintech,4,C,Analyze credit data and financial statements of individuals or firms to determine the degree of risk involved in extending credit or lending money. Prepare reports with credit information for use in decisionmaking.
13-2051.00,Financial and Investment Analysts,Analis Keuangan & Investasi,Financial Analyst;Investment Analyst,umum,,Perbankan & Fintech,4,C,"Conduct quantitative analyses of information involving investment programs or financial data of public or private institutions, including valuation of businesses."
13-2052.00,Personal Financial Advisors,Perencana Keuangan,Financial Advisor;Wealth Manager,umum,,Perbankan & Fintech,4,E,"Advise clients on financial plans using knowledge of tax and investment strategies, securities, insurance, pension plans, and real estate. Duties include assessing clients' assets, liabilities, cash flow, insurance coverage, tax status, and financial objectives. May also buy and sell financial asset"
13-2053.00,Insurance Underwriters,Underwriter Asuransi,Insurance Underwriter,umum,,Perbankan & Fintech|Kreatif & Media Digital,4,C,Review individual applications for insurance to evaluate degree of risk involved and determine acceptance of applications.
13-2054.00,Financial Risk Specialists,Analis Risiko Keuangan,Risk Analyst;Risk Officer,umum,,Perbankan & Fintech,4,C,"Analyze and measure exposure to credit and market risk threatening the assets, earning capacity, or economic state of an organization. May make recommendations to limit risk."
13-2061.00,Financial Examiners,Pemeriksa Lembaga Keuangan,Bank Examiner;Pengawas Keuangan,terbatas,"Umumnya jabatan di regulator (OJK/BI), bukan di bank/fintech swasta.",Perbankan & Fintech,4,C,"Enforce or ensure compliance with laws and regulations governing financial and securities institutions and financial and real estate transactions. May examine, verify, or authenticate records."
13-2071.00,Credit Counselors,Konselor/Konsultan Pengelolaan Utang,Credit Counselor,terbatas,Belum lazim sebagai profesi formal berdiri sendiri; fungsi serupa ada pada layanan edukasi keuangan OJK atau lembaga bantuan utang.,Perbankan & Fintech,4,C,"Advise and educate individuals or organizations on acquiring and managing debt. May provide guidance in determining the best type of loan and explain loan requirements or restrictions. May help develop debt management plans or student financial aid packages. May advise on credit issues, or provide b"
13-2072.00,Loan Officers,Account Officer,Loan Officer;Petugas Kredit,umum,,Perbankan & Fintech,4,C,"Evaluate, authorize, or recommend approval of commercial, real estate, or credit loans. Advise borrowers on financial status and payment methods. Includes mortgage loan officers and agents, collection analysts, loan servicing officers, loan underwriters, and payday loan officers."
13-2081.00,"Tax Examiners and Collectors, and Revenue Agents",Pemeriksa dan Juru Sita Pajak,Petugas Pajak,terbatas,"Padanan ada di DJP (instansi pajak pemerintah), bukan peran di bank/fintech swasta.",Perbankan & Fintech,3,C,Determine tax liability or collect taxes from individuals or business firms according to prescribed laws and regulations.
13-2082.00,Tax Preparers,Penyusun SPT Pajak (Musiman),Tax Preparer,tidak_relevan,Model bisnis 'tax preparer' musiman khas AS; di Indonesia peran serupa umumnya masuk 'Konsultan Pajak' dengan sistem sertifikasi berbeda (perlu verifikasi detail).,Perbankan & Fintech,3,C,Prepare tax returns for individuals or small businesses.
13-2099.00,"Financial Specialists, All Other",Spesialis Keuangan (Lainnya),,terbatas,Kategori catch-all O*NET tanpa deskripsi spesifik.,Perbankan & Fintech,,,All financial specialists not listed separately.
13-2099.01,Financial Quantitative Analysts,Analis Kuantitatif Keuangan,Quant Analyst,terbatas,"Ada di bank besar, sekuritas, dan fintech, tapi jumlah posisi masih relatif sedikit.",Perbankan & Fintech,5,I,"Develop quantitative techniques to inform securities investing, equities investing, pricing, or valuation of financial instruments. Develop mathematical or statistical models for risk management, asset optimization, pricing, or relative value analysis."
13-2099.04,"Fraud Examiners, Investigators and Analysts",Analis/Investigator Fraud,Fraud Analyst;Fraud Investigator,umum,,Perbankan & Fintech,4,C,"Obtain evidence, take statements, produce reports, and testify to findings regarding resolution of fraud allegations. May coordinate fraud detection and prevention activities."
15-1211.00,Computer Systems Analysts,System Analyst,IT Analyst,umum,,Teknologi Informasi,4,I,"Analyze science, engineering, business, and other data processing problems to develop and implement solutions to complex applications problems, system administration issues, or network concerns. Perform systems management and integration functions, improve existing computer systems, and review compu"
15-1211.01,Health Informatics Specialists,Health Informatics Specialist,Spesialis Informatika Kesehatan; SIMRS Specialist,terbatas,"Niche, terkait pengembangan/pemeliharaan sistem informasi rumah sakit (SIMRS); belum jadi judul lowongan umum.",Teknologi Informasi,5,I,"Apply knowledge of nursing and informatics to assist in the design, development, and ongoing modification of computerized health care systems. May educate staff and assist in problem solving to promote the implementation of the health care system."
15-1212.00,Information Security Analysts,Cyber Security Analyst,Information Security Analyst; Security Analyst,umum,,Teknologi Informasi,4,C,"Plan, implement, upgrade, or monitor security measures for the protection of computer networks and information. Assess system vulnerabilities for security risks and propose and implement risk mitigation strategies. May ensure appropriate security controls are in place that will safeguard digital fil"
15-1221.00,Computer and Information Research Scientists,Research Scientist (Ilmu Komputer),AI Researcher; Peneliti Ilmu Komputer,terbatas,"Lebih umum di lingkungan riset/akademia/lab AI besar (mis. Bukalapak AI, Nodeflux, universitas) daripada sbg judul lowongan industri umum.",Teknologi Informasi,5,I,"Conduct research into fundamental computer and information science as theorists, designers, or inventors. Develop solutions to problems in the field of computer hardware and software."
15-1231.00,Computer Network Support Specialists,Network Support Specialist,IT Support Jaringan; Network Technician,umum,,Teknologi Informasi,4,C,"Analyze, test, troubleshoot, and evaluate existing network systems, such as local area networks (LAN), wide area networks (WAN), cloud networks, servers, and other data communications networks. Perform network maintenance to ensure networks operate correctly with minimal interruption."
15-1232.00,Computer User Support Specialists,IT Support,Helpdesk; Technical Support,umum,,Teknologi Informasi,3,C,"Provide technical assistance to computer users. Answer questions or resolve computer problems for clients in person, via telephone, or electronically. May provide assistance concerning the use of computer hardware and software, including printing, installation, word processing, electronic mail, and "
15-1241.00,Computer Network Architects,Network Engineer,Network Architect; Network Administrator,umum,Di Indonesia peran 'Network Architect' senior sering digabung dgn Network Engineer.,Teknologi Informasi,4,I,"Design and implement computer and information networks, such as local area networks (LAN), wide area networks (WAN), intranets, extranets, and other data communications networks. Perform network modeling, analysis, and planning, including analysis of capacity needs for network infrastructures. May a"
15-1241.01,Telecommunications Engineering Specialists,Telecommunications Engineer,Telecom Engineer; RF Engineer; Network Planning Engineer,terbatas,"Cakupan O*NET ini (wired/wireless/satelit) di pasar Indonesia biasanya terpecah jadi peran lebih spesifik (RF Engineer, Network Planning Engineer) di industri telko/ISP.",Teknologi Informasi,3,C,"Design or configure wired, wireless, and satellite communications systems for voice, video, and data services. Supervise installation, service, and maintenance."
15-1242.00,Database Administrators,Database Administrator (DBA),,umum,,Teknologi Informasi,4,C,"Administer, test, and implement computer databases, applying knowledge of database management systems. Coordinate changes to computer databases. Identify, investigate, and resolve database performance issues, database capacity, and database scalability. May plan, coordinate, and implement security m"
15-1243.00,Database Architects,Database Architect,Data Architect,terbatas,"Perlu verifikasi: peran ini sering melebur dgn Data Architect atau DBA senior, jarang jadi judul lowongan tersendiri.",Teknologi Informasi,4,C,"Design strategies for enterprise databases, data warehouse systems, and multidimensional networks. Set standards for database operations, programming, query processes, and security. Model, design, and construct large relational databases or data warehouses. Create and optimize data models for wareho"
15-1243.01,Data Warehousing Specialists,Data Warehouse Engineer,ETL Developer; Data Engineer,terbatas,"Di Indonesia cakupan ini umumnya masuk ke peran Data Engineer, bukan judul tersendiri.",Teknologi Informasi,4,C,"Design, model, or implement corporate data warehousing activities. Program and configure warehouses of database information and provide support to warehouse users."
15-1244.00,Network and Computer Systems Administrators,System Administrator,Network Administrator; Sysadmin,umum,,Teknologi Informasi,4,C,"Install, configure, and maintain an organization's local area network (LAN), wide area network (WAN), data communications network, operating systems, and physical and virtual servers. Perform system monitoring and verify the integrity and availability of hardware, network, and server resources and s"
15-1251.00,Computer Programmers,Programmer,Software Developer,umum,Batas dgn Software Developer tipis; dua istilah sering dipakai bergantian di lowongan Indonesia.,Teknologi Informasi,4,C,"Create, modify, and test the code and scripts that allow computer applications to run. Work from specifications drawn up by software and web developers or other individuals. May develop and write computer programs to store, locate, and retrieve specific documents, data, and information."
15-1252.00,Software Developers,Software Developer,Software Engineer; Programmer,umum,,Teknologi Informasi,4,I,"Research, design, and develop computer and network software or specialized utility programs. Analyze user needs and develop software solutions, applying principles and techniques of computer science, engineering, and mathematical analysis. Update software or enhance existing software capabilities. M"
15-1253.00,Software Quality Assurance Analysts and Testers,QA Engineer,Quality Assurance Engineer; Software Tester,umum,,Teknologi Informasi,4,I,Develop and execute software tests to identify software problems and their causes. Test system modifications to prepare for implementation. Document software and application defects using a bug tracking system and report defects to software or web developers. Create and maintain databases of known d
15-1254.00,Web Developers,Web Developer,Frontend Developer; Backend Developer; Fullstack Developer,umum,,Teknologi Informasi,3,C,"Develop and implement websites, web applications, application databases, and interactive web interfaces. Evaluate code to ensure that it is properly structured, meets industry standards, and is compatible with browsers and devices. Optimize website performance, scalability, and server-side code and "
15-1255.00,Web and Digital Interface Designers,UI/UX Designer,Web Designer; Product Designer,umum,,Teknologi Informasi|Kreatif & Media Digital,4,I,"Design digital user interfaces or websites. Develop and test layouts, interfaces, functionality, and navigation menus to ensure compatibility and usability across browsers or devices. May use web framework applications as well as client-side code and processes. May evaluate web design following web "
15-1255.01,Video Game Designers,Game Designer,Game Developer,terbatas,"Industri game Indonesia ada (mis. Agate, Toge Productions, Digital Happiness) tapi jauh lebih kecil dibanding software dev umum.",Teknologi Informasi|Kreatif & Media Digital,4,A,"Design core features of video games. Specify innovative game and role-play mechanics, story lines, and character biographies. Create and maintain design documentation. Guide and collaborate with production staff to produce games as designed."
15-1299.00,"Computer Occupations, All Other",Profesi Teknologi Informasi Lainnya,,tidak_relevan,"Kategori catch-all O*NET, bukan nama jabatan yang dipakai di lowongan kerja Indonesia.",Teknologi Informasi,,,All computer occupations not listed separately.
15-1299.01,Web Administrators,Web Administrator,System Administrator (Web); DevOps,terbatas,Jarang berdiri sendiri; umumnya digabung ke Sysadmin atau DevOps Engineer.,Teknologi Informasi,4,C,"Manage web environment design, deployment, development and maintenance activities. Perform testing and quality assurance of web sites and web applications."
15-1299.02,Geographic Information Systems Technologists and Technicians,GIS Analyst,GIS Specialist; GIS Technician; Surveyor Pemetaan,terbatas,"Niche, banyak dipakai di sektor pertambangan, perkebunan, dan pemerintahan (BIG/BPN).",Teknologi Informasi,3,C,"Assist scientists or related professionals in building, maintaining, modifying, or using geographic information systems (GIS) databases. May also perform some custom application development or provide user support."
15-1299.03,Document Management Specialists,Document Controller,Records Management Specialist; Document Management Specialist,terbatas,Perlu verifikasi: istilah 'Document Controller' lebih lazim dipakai di Indonesia (konstruksi/EPC/manufaktur) dibanding cakupan sistem manajemen dokumen enterprise pada deskripsi O*NET ini.,Teknologi Informasi,4,C,"Implement and administer enterprise-wide document management systems and related procedures that allow organizations to capture, store, retrieve, share, and destroy electronic records and documents."
15-1299.04,Penetration Testers,Penetration Tester,Pentester; Ethical Hacker,terbatas,"Niche di dalam bidang keamanan siber, permintaan berkembang tapi masih jauh lebih sedikit dibanding Security Analyst/Engineer umum.",Teknologi Informasi,4,I,Evaluate network system security by conducting simulated internal and external cyberattacks using adversary tools and techniques. Attempt to breach and exploit critical systems and gain access to sensitive information to assess system security.
15-1299.05,Information Security Engineers,Security Engineer,Cyber Security Engineer; Information Security Engineer,umum,,Teknologi Informasi,4,C,"Develop and oversee the implementation of information security procedures and policies. Build, maintain and upgrade security technology, such as firewalls, for the safe use of computer networks and the transmission and retrieval of information. Design and implement appropriate security controls to i"
15-1299.06,Digital Forensics Analysts,Digital Forensics Analyst,Forensika Digital; Cyber Forensics Analyst,terbatas,"Niche, banyak terkait lembaga penegak hukum/Polri/BSSN selain sektor swasta.",Teknologi Informasi,4,I,"Conduct investigations on computer-based crimes establishing documentary or physical evidence, such as digital media and logs associated with cyber intrusion incidents. Analyze digital evidence and investigate computer security incidents to derive information in support of system and network vulnera"
15-1299.07,Blockchain Engineers,Blockchain Engineer,Web3 Developer; Smart Contract Developer,terbatas,"Niche, terkonsentrasi di startup crypto/web3, permintaan fluktuatif mengikuti tren pasar kripto.",Teknologi Informasi,4,C,"Maintain and support distributed and decentralized blockchain-based networks or block-chain applications such as cryptocurrency exchange, payment processing, document sharing, and digital voting. Design and deploy secure block-chain design patterns and solutions over geographically distributed netwo"
15-1299.08,Computer Systems Engineers/Architects,Solutions Architect,System Architect; IT Architect,umum,,Teknologi Informasi,3,C,"Design and develop solutions to complex applications problems, system administration issues, or network concerns. Perform systems management and integration functions."
15-1299.09,Information Technology Project Managers,IT Project Manager,,umum,,Teknologi Informasi,4,E,"Plan, initiate, and manage information technology (IT) projects. Lead and guide the work of technical staff. Serve as liaison between business and technical aspects of projects. Plan project stages and assess business implications for each stage. Monitor progress to assure deadlines, standards, and "
15-2011.00,Actuaries,Aktuaris,Actuary,umum,,Perbankan & Fintech,4,C,"Analyze statistical data, such as mortality, accident, sickness, disability, and retirement rates and construct probability tables to forecast risk and liability for payment of future benefits. May ascertain insurance rates required and cash reserves necessary to ensure payment of future benefits."
15-2031.00,Operations Research Analysts,Operations Research Analyst,Data Scientist; Business Analyst,terbatas,"Perlu verifikasi: jarang jadi judul lowongan berdiri sendiri di Indonesia, cakupan kerjanya biasanya melebur ke Data Scientist/Data Analyst.",Teknologi Informasi,5,I,"Formulate and apply mathematical modeling and other optimizing methods to develop and interpret information that assists management with decisionmaking, policy formulation, or other managerial functions. May collect and analyze data and develop decision support software, services, or products. May d"
15-2041.00,Statisticians,Statistician,Ahli Statistik,terbatas,"Umum di BPS, lembaga riset, dan akademia, tapi bukan judul lowongan lazim di sektor software/startup.",Teknologi Informasi,5,I,"Develop or apply mathematical or statistical theory and methods to collect, organize, interpret, and summarize numerical data to provide usable information. May specialize in fields such as biostatistics, agricultural statistics, business statistics, or economic statistics. Includes mathematical and"
15-2041.01,Biostatisticians,Biostatistician,Ahli Biostatistik,terbatas,"Niche, dipakai di riset klinis/farmasi (CRO), bukan sektor software umum.",Teknologi Informasi,5,I,Develop and apply biostatistical theory and methods to the study of life sciences.
15-2051.00,Data Scientists,Data Scientist,,umum,,Teknologi Informasi,4,I,"Develop and implement a set of techniques or analytics applications to transform raw data into meaningful information using data-oriented programming languages and visualization software. Apply data mining, data modeling, natural language processing, and machine learning to extract and analyze infor"
15-2051.01,Business Intelligence Analysts,BI Analyst,Business Intelligence Analyst; Data Analyst,umum,,Teknologi Informasi,4,C,Produce financial and market intelligence by querying data repositories and generating periodic reports. Devise methods for identifying data patterns and trends in available information sources.
15-2051.02,Clinical Data Managers,Clinical Data Manager,CDM,terbatas,"Niche di industri farmasi/riset klinis (CRO), bukan sektor software umum.",Teknologi Informasi,4,C,"Apply knowledge of health care and database management to analyze clinical data, and to identify and report trends."
17-2061.00,Computer Hardware Engineers,Hardware Engineer,Electronics Engineer,terbatas,"Perlu verifikasi: R&D hardware komputer murni jarang di Indonesia, peran ini sering tumpang tindih dgn Embedded/Electronics Engineer.",Teknologi Informasi,4,R,"Research, design, develop, or test computer or computer-related equipment for commercial, industrial, military, or scientific use. May supervise the manufacturing and installation of computer or computer-related equipment and components."
17-2111.00,"Health and Safety Engineers, Except Mining Safety Engineers and Inspectors",Insinyur K3 (HSE Engineer),HSE Engineer;Insinyur Keselamatan Kerja;Health and Safety Engineer,umum,,Energi & Pertambangan,4,I,"Promote worksite or product safety by applying knowledge of industrial processes, mechanics, chemistry, psychology, and industrial health and safety laws. Includes industrial product safety engineers."
17-2111.02,Fire-Prevention and Protection Engineers,Insinyur Proteksi Kebakaran,Fire Protection Engineer;Fire Safety Engineer,terbatas,"biasanya melebur ke fungsi HSE umum di perusahaan migas/tambang, jarang jadi jabatan terpisah",Energi & Pertambangan,4,R,"Research causes of fires, determine fire protection methods, and design or recommend materials or equipment such as structural components or fire-detection equipment to assist organizations in safeguarding life and property against fire, explosion, and related hazards."
17-2112.00,Industrial Engineers,Insinyur Teknik Industri,Industrial Engineer,umum,,Energi & Pertambangan|Manufaktur & Otomotif,4,C,"Design, develop, test, and evaluate integrated systems for managing industrial production processes, including human work factors, quality control, inventory control, logistics and material flow, cost analysis, and production coordination."
17-2112.01,Human Factors Engineers and Ergonomists,Ahli Ergonomi (Human Factors Engineer),Ergonomist;Human Factors Engineer,terbatas,"perlu verifikasi; biasanya bagian dari fungsi K3/ergonomi, jarang jadi jabatan mandiri",Energi & Pertambangan|Manufaktur & Otomotif,5,I,"Design objects, facilities, and environments to optimize human well-being and overall system performance, applying theory, principles, and data regarding the relationship between humans and respective technology. Investigate and analyze characteristics of human behavior and performance as it relates"
17-2112.02,Validation Engineers,Insinyur Validasi,Validation Engineer,terbatas,lebih umum di farmasi/manufaktur; di sektor energi jarang berdiri sendiri,Energi & Pertambangan|Manufaktur & Otomotif,4,I,"Design or plan protocols for equipment or processes to produce products meeting internal and external purity, safety, and quality requirements."
17-2112.03,Manufacturing Engineers,Insinyur Manufaktur,Manufacturing Engineer,umum,,Energi & Pertambangan|Manufaktur & Otomotif,4,R,"Design, integrate, or improve manufacturing systems or related processes. May work with commercial or industrial designers to refine product designs to increase producibility and decrease costs."
17-2121.00,Marine Engineers and Naval Architects,Insinyur Perkapalan dan Arsitek Kapal,Marine Engineer;Naval Architect,terbatas,"relevan untuk fasilitas migas lepas pantai dan galangan kapal, bukan peran inti tambang/energi darat",Energi & Pertambangan,4,R,"Design, develop, and evaluate the operation of marine vessels, ship machinery, and related equipment, such as power supply and propulsion systems."
17-2131.00,Materials Engineers,Insinyur Material,Materials Engineer;Insinyur Metalurgi,umum,,Energi & Pertambangan|Manufaktur & Otomotif,4,R,Evaluate materials and develop machinery and processes to manufacture materials for use in products that must meet specialized design and performance specifications. Develop new uses for known materials. Includes those engineers working with composite materials or specializing in one type of materia
17-2141.00,Mechanical Engineers,Insinyur Teknik Mesin,Mechanical Engineer,umum,,Energi & Pertambangan|Manufaktur & Otomotif,4,R,"Perform engineering duties in planning and designing tools, engines, machines, and other mechanically functioning equipment. Oversee installation, operation, maintenance, and repair of equipment such as centralized heat, gas, water, and steam systems."
17-2141.01,Fuel Cell Engineers,Insinyur Sel Bahan Bakar (Fuel Cell),Fuel Cell Engineer,tidak_relevan,perlu verifikasi; teknologi fuel cell komersial belum berkembang di Indonesia,Energi & Pertambangan|Manufaktur & Otomotif,4,R,"Design, evaluate, modify, or construct fuel cell components or systems for transportation, stationary, or portable applications."
17-2141.02,Automotive Engineers,Insinyur Otomotif,Automotive Engineer,umum,,Energi & Pertambangan|Manufaktur & Otomotif,4,R,"Develop new or improved designs for vehicle structural members, engines, transmissions, or other vehicle systems, using computer-assisted design technology. Direct building, modification, or testing of vehicle or components."
17-2151.00,"Mining and Geological Engineers, Including Mining Safety Engineers",Insinyur Pertambangan dan Geologi,Mining Engineer;Insinyur Tambang;Insinyur Keselamatan Tambang,umum,,Energi & Pertambangan,4,R,"Conduct subsurface surveys to identify the characteristics of potential land or mining development sites. May specify the ground support systems, processes, and equipment for safe, economical, and environmentally sound extraction or underground construction activities. May inspect areas for unsafe g"
17-2161.00,Nuclear Engineers,Insinyur Nuklir,Nuclear Engineer,terbatas,"hanya relevan untuk reaktor riset (mis. BRIN di Serpong), belum ada PLTN komersial di Indonesia",Energi & Pertambangan,4,I,"Conduct research on nuclear engineering projects or apply principles and theory of nuclear science to problems concerned with release, control, and use of nuclear energy and nuclear waste disposal."
17-2171.00,Petroleum Engineers,Insinyur Perminyakan,Petroleum Engineer;Insinyur Migas,umum,,Energi & Pertambangan,4,R,Devise methods to improve oil and gas extraction and production and determine the need for new or modified tool designs. Oversee drilling and offer technical advice.
17-2199.00,"Engineers, All Other",Insinyur Lainnya,Other Engineers,umum,kategori catch-all,Energi & Pertambangan,,,All engineers not listed separately.
17-2199.03,"Energy Engineers, Except Wind and Solar",Insinyur Energi,Energy Engineer,umum,,Energi & Pertambangan,4,R,"Design, develop, or evaluate energy-related projects or programs to reduce energy costs or improve energy efficiency during the designing, building, or remodeling stages of construction. May specialize in electrical systems; heating, ventilation, and air-conditioning (HVAC) systems; green buildings;"
17-2199.05,Mechatronics Engineers,Insinyur Mekatronika,Mechatronics Engineer,umum,,Energi & Pertambangan,4,R,"Research, design, develop, or test automation, intelligent systems, smart devices, or industrial systems control."
17-2199.06,Microsystems Engineers,Insinyur Mikrosistem (MEMS),Microsystems Engineer;MEMS Engineer,tidak_relevan,"perlu verifikasi; industri MEMS praktis belum ada di Indonesia, terbatas riset",Energi & Pertambangan,5,I,"Research, design, develop, or test microelectromechanical systems (MEMS) devices."
17-2199.07,Photonics Engineers,Insinyur Fotonika,Photonics Engineer,tidak_relevan,perlu verifikasi; industri fotonika belum berkembang luas di Indonesia,Energi & Pertambangan,4,R,"Design technologies specializing in light information or light energy, such as laser or fiber optics technology."
17-2199.08,Robotics Engineers,Insinyur Robotika,Robotics Engineer,terbatas,"berkembang di manufaktur, belum jadi peran umum khusus sektor energi/tambang",Energi & Pertambangan|Manufaktur & Otomotif,4,R,"Research, design, develop, or test robotic applications."
17-2199.09,Nanosystems Engineers,Insinyur Nanosistem,Nanosystems Engineer;Nanotechnology Engineer,tidak_relevan,"perlu verifikasi; masih ranah riset, belum jadi profesi industri di Indonesia",Energi & Pertambangan,5,I,"Design, develop, or supervise the production of materials, devices, or systems of unique molecular or macromolecular composition, applying principles of nanoscale physics and electrical, chemical, or biological engineering."
17-2199.10,Wind Energy Engineers,Insinyur Energi Angin (PLTB),Wind Energy Engineer;Wind Farm Engineer,terbatas,"jumlah PLTB di Indonesia masih sedikit (mis. Sidrap, Jeneponto, Tolo)",Energi & Pertambangan,4,R,Design underground or overhead wind farm collector systems and prepare and develop site specifications.
17-2199.11,Solar Energy Systems Engineers,Insinyur Sistem Energi Surya (PLTS),Solar Energy Systems Engineer;Solar PV Engineer,umum,,Energi & Pertambangan,4,R,"Perform site-specific engineering analysis or evaluation of energy efficiency and solar projects involving residential, commercial, or industrial customers. Design solar domestic hot water and space heating systems for new and existing structures, applying knowledge of structural energy requirements"
17-3024.01,Robotics Technicians,Teknisi Robotika,Robotics Technician;Teknisi Otomasi,terbatas,"Berkembang di pabrik otomotif/elektronik yang mulai pakai robot industri, belum jadi jabatan umum di lowongan kerja Indonesia",Manufaktur & Otomotif,3,R,"Build, install, test, or maintain robotic equipment or related automated production systems."
17-3026.00,Industrial Engineering Technologists and Technicians,Staff Industrial Engineering (IE),IE Staff;Teknisi Industrial Engineering;Time & Motion Study Analyst,umum,"Di pabrik Indonesia (garmen, otomotif) lazim disebut 'staff IE' atau 'IE officer', bukan 'teknolog'",Manufaktur & Otomotif,3,R,"Apply engineering theory and principles to problems of industrial layout or manufacturing production, usually under the direction of engineering staff. May perform time and motion studies on worker operations in a variety of industries for purposes such as establishing standard production rates or i"
17-3027.00,Mechanical Engineering Technologists and Technicians,Teknisi Mesin (Mechanical Engineering),Mechanical Technician;Staff Engineering Mesin,umum,,Manufaktur & Otomotif,3,R,"Apply theory and principles of mechanical engineering to modify, develop, test, or adjust machinery and equipment under direction of engineering staff or physical scientists."
17-3027.01,Automotive Engineering Technicians,Teknisi Automotive Engineering,R&D Technician Otomotif;Test Engineer Otomotif,terbatas,Peran R&D/testing biasanya hanya ada di prinsipal APM (Agen Pemegang Merek) otomotif besar,Manufaktur & Otomotif,3,R,"Assist engineers in determining the practicality of proposed product design changes and plan and carry out tests on experimental test devices or equipment for performance, durability, or efficiency."
19-1012.00,Food Scientists and Technologists,Food Technologist / Food Scientist,R&D Food Technologist;Ilmuwan Pangan,umum,,FMCG,4,I,"Use chemistry, microbiology, engineering, and other sciences to study the principles underlying the processing and deterioration of foods; analyze food content to determine levels of vitamins, fat, sugar, and protein; discover new food sources; research ways to make processed foods safe, palatable, "
19-2042.00,"Geoscientists, Except Hydrologists and Geographers",Geosaintis,Geologist;Ahli Geosains,umum,,Energi & Pertambangan,5,I,"Study the composition, structure, and other physical aspects of the Earth. May use geological, physics, and mathematics knowledge in exploration for oil, gas, minerals, or underground water; or in waste disposal, land reclamation, or other environmental problems. May study the Earth's internal compo"
19-4013.00,Food Science Technicians,Teknisi R&D Pangan,Food Technician;Laboratory Technician (Food),umum,,FMCG,3,R,"Work with food scientists or technologists to perform standardized qualitative and quantitative tests to determine physical or chemical properties of food or beverage products. Includes technicians who assist in research and development of production technology, quality control, packaging, processin"
19-4043.00,"Geological Technicians, Except Hydrologic Technicians",Teknisi Geologi,Geological Technician;Mud Logger,umum,,Energi & Pertambangan,4,R,"Assist scientists or engineers in the use of electronic, sonic, or nuclear measuring instruments in laboratory, exploration, and production activities to obtain data indicating resources such as metallic ore, minerals, gas, coal, or petroleum. Analyze mud and drill cuttings. Chart pressure, temperat"
19-4051.00,Nuclear Technicians,Teknisi Nuklir,Nuclear Technician,tidak_relevan,belum ada PLTN komersial di Indonesia; hanya reaktor riset BRIN,Energi & Pertambangan,3,R,"Assist nuclear physicists, nuclear engineers, or other scientists in laboratory, power generation, or electricity production activities. May operate, maintain, or provide quality control for nuclear testing and research equipment. May monitor radiation."
19-4051.02,Nuclear Monitoring Technicians,Teknisi Pemantauan Radiasi Nuklir,Nuclear Monitoring Technician,tidak_relevan,belum ada PLTN komersial di Indonesia,Energi & Pertambangan,3,R,"Collect and test samples to monitor results of nuclear experiments and contamination of humans, facilities, and environment."
19-4099.01,Quality Control Analysts,QC Analyst,Analis Quality Control;Staff QC Laboratorium,umum,,FMCG,3,C,"Conduct tests to determine quality of raw materials, bulk intermediate and finished products. May conduct stability sample tests."
25-1011.00,"Business Teachers, Postsecondary",Dosen Bisnis dan Manajemen,Dosen Ilmu Ekonomi;Dosen Manajemen,umum,,Pendidikan,5,S,"Teach courses in business administration and management, such as accounting, finance, human resources, labor and industrial relations, marketing, and operations research. Includes both teachers primarily engaged in teaching and those who do a combination of teaching and research."
25-1021.00,"Computer Science Teachers, Postsecondary",Dosen Ilmu Komputer,Dosen Informatika;Dosen Teknik Informatika,umum,,Pendidikan,5,S,"Teach courses in computer science. May specialize in a field of computer science, such as the design and function of computers or operations and research analysis. Includes both teachers primarily engaged in teaching and those who do a combination of teaching and research."
25-1022.00,"Mathematical Science Teachers, Postsecondary",Dosen Matematika,Dosen Statistika;Dosen Aktuaria,umum,,Pendidikan,5,S,"Teach courses pertaining to mathematical concepts, statistics, and actuarial science and to the application of original and standardized mathematical techniques in solving specific problems and situations. Includes both teachers primarily engaged in teaching and those who do a combination of teachin"
25-1031.00,"Architecture Teachers, Postsecondary",Dosen Arsitektur,Dosen Arsitektur Lanskap,umum,,Pendidikan,5,S,"Teach courses in architecture and architectural design, such as architectural environmental design, interior architecture/design, and landscape architecture. Includes both teachers primarily engaged in teaching and those who do a combination of teaching and research."
25-1032.00,"Engineering Teachers, Postsecondary",Dosen Teknik,Dosen Teknik Sipil;Dosen Teknik Mesin;Dosen Teknik Elektro,umum,,Pendidikan,5,S,"Teach courses pertaining to the application of physical laws and principles of engineering for the development of machines, materials, instruments, processes, and services. Includes teachers of subjects such as chemical, civil, electrical, industrial, mechanical, mineral, and petroleum engineering. "
25-1041.00,"Agricultural Sciences Teachers, Postsecondary",Dosen Ilmu Pertanian,Dosen Agronomi;Dosen Peternakan,umum,,Pendidikan,5,S,"Teach courses in the agricultural sciences. Includes teachers of agronomy, dairy sciences, fisheries management, horticultural sciences, poultry sciences, range management, and agricultural soil conservation. Includes both teachers primarily engaged in teaching and those who do a combination of teac"
25-1042.00,"Biological Science Teachers, Postsecondary",Dosen Biologi,Dosen Ilmu Hayati,umum,,Pendidikan,5,S,Teach courses in biological sciences. Includes both teachers primarily engaged in teaching and those who do a combination of teaching and research.
25-1043.00,"Forestry and Conservation Science Teachers, Postsecondary",Dosen Kehutanan,Dosen Konservasi Sumber Daya Hutan,umum,,Pendidikan,5,S,Teach courses in forestry and conservation science. Includes both teachers primarily engaged in teaching and those who do a combination of teaching and research.
25-1051.00,"Atmospheric, Earth, Marine, and Space Sciences Teachers, Postsecondary",Dosen Ilmu Kebumian dan Kelautan,Dosen Geofisika;Dosen Meteorologi;Dosen Oseanografi,umum,"Di Indonesia bidang ini biasanya terpisah per jurusan (Geofisika, Meteorologi, Oseanografi), bukan satu gelar gabungan seperti di AS",Pendidikan,5,S,"Teach courses in the physical sciences, except chemistry and physics. Includes both teachers primarily engaged in teaching, and those who do a combination of teaching and research."
25-1052.00,"Chemistry Teachers, Postsecondary",Dosen Kimia,,umum,,Pendidikan,5,I,"Teach courses pertaining to the chemical and physical properties and compositional changes of substances. Work may include providing instruction in the methods of qualitative and quantitative chemical analysis. Includes both teachers primarily engaged in teaching, and those who do a combination of t"
25-1053.00,"Environmental Science Teachers, Postsecondary",Dosen Ilmu Lingkungan,,umum,,Pendidikan,5,I,Teach courses in environmental science. Includes both teachers primarily engaged in teaching and those who do a combination of teaching and research.
25-1054.00,"Physics Teachers, Postsecondary",Dosen Fisika,,umum,,Pendidikan,5,S,Teach courses pertaining to the laws of matter and energy. Includes both teachers primarily engaged in teaching and those who do a combination of teaching and research.
25-1061.00,"Anthropology and Archeology Teachers, Postsecondary",Dosen Antropologi,Dosen Arkeologi,umum,Di Indonesia umumnya jurusan terpisah antara Antropologi dan Arkeologi,Pendidikan,5,S,Teach courses in anthropology or archeology. Includes both teachers primarily engaged in teaching and those who do a combination of teaching and research.
25-1062.00,"Area, Ethnic, and Cultural Studies Teachers, Postsecondary",Dosen Kajian Wilayah dan Budaya,Dosen Studi Kawasan;Dosen Kajian Budaya,terbatas,"Program studi kajian wilayah/etnis spesifik masih jarang, hanya ada di sejumlah universitas riset (mis. kajian Timur Tengah, Amerika, Asia Tenggara)",Pendidikan,5,S,"Teach courses pertaining to the culture and development of an area, an ethnic group, or any other group, such as Latin American studies, women's studies, or urban affairs. Includes both teachers primarily engaged in teaching and those who do a combination of teaching and research."
25-1063.00,"Economics Teachers, Postsecondary",Dosen Ilmu Ekonomi,,umum,,Pendidikan,5,S,Teach courses in economics. Includes both teachers primarily engaged in teaching and those who do a combination of teaching and research.
25-1064.00,"Geography Teachers, Postsecondary",Dosen Geografi,,umum,,Pendidikan,5,S,Teach courses in geography. Includes both teachers primarily engaged in teaching and those who do a combination of teaching and research.
25-1065.00,"Political Science Teachers, Postsecondary",Dosen Ilmu Politik,Dosen Hubungan Internasional,umum,,Pendidikan,5,S,"Teach courses in political science, international affairs, and international relations. Includes both teachers primarily engaged in teaching and those who do a combination of teaching and research."
25-1066.00,"Psychology Teachers, Postsecondary",Dosen Psikologi,,umum,,Pendidikan,5,S,"Teach courses in psychology, such as child, clinical, and developmental psychology, and psychological counseling. Includes both teachers primarily engaged in teaching and those who do a combination of teaching and research."
25-1067.00,"Sociology Teachers, Postsecondary",Dosen Sosiologi,,umum,,Pendidikan,5,S,Teach courses in sociology. Includes both teachers primarily engaged in teaching and those who do a combination of teaching and research.
25-1069.00,"Social Sciences Teachers, Postsecondary, All Other",Dosen Ilmu Sosial Lainnya,,umum,Kategori sisa (catch-all) O*NET untuk dosen ilmu sosial yang tidak masuk kategori spesifik lain,Pendidikan,,,All postsecondary social sciences teachers not listed separately.
25-1071.00,"Health Specialties Teachers, Postsecondary",Dosen Ilmu Kesehatan,Dosen Kedokteran;Dosen Farmasi;Dosen Kedokteran Hewan,umum,,Pendidikan,5,S,"Teach courses in health specialties, in fields such as dentistry, laboratory technology, medicine, pharmacy, public health, therapy, and veterinary medicine."
25-1072.00,"Nursing Instructors and Teachers, Postsecondary",Dosen Keperawatan,,umum,,Pendidikan,5,S,Demonstrate and teach patient care in classroom and clinical units to nursing students. Includes both teachers primarily engaged in teaching and those who do a combination of teaching and research.
25-1081.00,"Education Teachers, Postsecondary",Dosen Pendidikan,Dosen Keguruan;Dosen FKIP,umum,,Pendidikan,5,S,"Teach courses pertaining to education, such as counseling, curriculum, guidance, instruction, teacher education, and teaching English as a second language. Includes both teachers primarily engaged in teaching and those who do a combination of teaching and research."
25-1082.00,"Library Science Teachers, Postsecondary",Dosen Ilmu Perpustakaan,Dosen Ilmu Informasi,terbatas,"Program studi Ilmu Perpustakaan ada dan diakui, tetapi hanya diselenggarakan di segelintir universitas (mis. UI, Undip, UIN)",Pendidikan,5,S,Teach courses in library science. Includes both teachers primarily engaged in teaching and those who do a combination of teaching and research.
25-1111.00,"Criminal Justice and Law Enforcement Teachers, Postsecondary",Dosen Hukum Pidana dan Kepolisian,Dosen Ilmu Kepolisian;Dosen Kriminologi,terbatas,Tidak ada jurusan umum setara 'criminal justice' seperti di AS; materi ini biasanya bagian dari Ilmu Hukum (pidana) atau diajarkan di institusi khusus seperti PTIK/Akpol,Pendidikan,5,S,"Teach courses in criminal justice, corrections, and law enforcement administration. Includes both teachers primarily engaged in teaching and those who do a combination of teaching and research."
25-1112.00,"Law Teachers, Postsecondary",Dosen Hukum,,umum,,Pendidikan,5,S,Teach courses in law. Includes both teachers primarily engaged in teaching and those who do a combination of teaching and research.
25-1113.00,"Social Work Teachers, Postsecondary",Dosen Ilmu Kesejahteraan Sosial,Dosen Pekerjaan Sosial,umum,,Pendidikan,5,S,Teach courses in social work. Includes both teachers primarily engaged in teaching and those who do a combination of teaching and research.
25-1121.00,"Art, Drama, and Music Teachers, Postsecondary",Dosen Seni,Dosen Seni Rupa;Dosen Teater;Dosen Musik,umum,,Pendidikan,5,S,"Teach courses in drama, music, and the arts including fine and applied art, such as painting and sculpture, or design and crafts. Includes both teachers primarily engaged in teaching and those who do a combination of teaching and research."
25-1122.00,"Communications Teachers, Postsecondary",Dosen Ilmu Komunikasi,,umum,,Pendidikan,5,S,"Teach courses in communications, such as organizational communications, public relations, radio/television broadcasting, and journalism. Includes both teachers primarily engaged in teaching and those who do a combination of teaching and research."
25-1123.00,"English Language and Literature Teachers, Postsecondary",Dosen Sastra dan Pendidikan Bahasa Inggris,Dosen Sastra Inggris,umum,,Pendidikan,5,S,"Teach courses in English language and literature, including linguistics and comparative literature. Includes both teachers primarily engaged in teaching and those who do a combination of teaching and research."
25-1124.00,"Foreign Language and Literature Teachers, Postsecondary",Dosen Bahasa Asing,Dosen Sastra Jepang;Dosen Sastra Mandarin;Dosen Sastra Prancis,umum,,Pendidikan,5,S,Teach languages and literature courses in languages other than English. Includes teachers of American Sign Language (ASL). Includes both teachers primarily engaged in teaching and those who do a combination of teaching and research.
25-1125.00,"History Teachers, Postsecondary",Dosen Sejarah,,umum,,Pendidikan,5,S,Teach courses in human history and historiography. Includes both teachers primarily engaged in teaching and those who do a combination of teaching and research.
25-1126.00,"Philosophy and Religion Teachers, Postsecondary",Dosen Filsafat dan Agama,Dosen Filsafat;Dosen Ilmu Agama,umum,,Pendidikan,5,S,"Teach courses in philosophy, religion, and theology. Includes both teachers primarily engaged in teaching and those who do a combination of teaching and research."
25-1192.00,"Family and Consumer Sciences Teachers, Postsecondary",Dosen Tata Boga dan Kesejahteraan Keluarga,Dosen Pendidikan Kesejahteraan Keluarga (PKK);Dosen Tata Busana,terbatas,"Tidak ada gelar tunggal setara 'family and consumer sciences'; padanan terdekat adalah prodi PKK/Tata Boga/Tata Busana di universitas pendidikan (mis. UPI, UNJ)",Pendidikan,5,S,"Teach courses in childcare, family relations, finance, nutrition, and related subjects pertaining to home management. Includes both teachers primarily engaged in teaching and those who do a combination of teaching and research."
25-1193.00,"Recreation and Fitness Studies Teachers, Postsecondary",Dosen Ilmu Keolahragaan,Dosen Pendidikan Jasmani dan Rekreasi,umum,,Pendidikan,5,S,"Teach courses pertaining to recreation, leisure, and fitness studies, including exercise physiology and facilities management. Includes both teachers primarily engaged in teaching and those who do a combination of teaching and research."
25-1194.00,"Career/Technical Education Teachers, Postsecondary",Instruktur Pendidikan Vokasi,Instruktur BLK;Instruktur LKP;Guru SMK Dewasa,terbatas,perlu verifikasi - konsep 'postsecondary non-degree vocational' di AS tidak persis sama; padanan terdekat instruktur Balai Latihan Kerja (BLK)/Lembaga Kursus dan Pelatihan (LKP) atau dosen politeknik vokasi,Pendidikan,3,S,"Teach vocational courses intended to provide occupational training below the baccalaureate level in subjects such as construction, mechanics/repair, manufacturing, transportation, or cosmetology, primarily to students who have graduated from or left high school. Teaching takes place in public or pri"
25-1199.00,"Postsecondary Teachers, All Other",Dosen Lainnya,,umum,Kategori sisa (catch-all) O*NET untuk dosen yang tidak masuk kategori spesifik lain,Pendidikan,,,All postsecondary teachers not listed separately.
25-2011.00,"Preschool Teachers, Except Special Education",Guru PAUD,Guru Kelompok Bermain;Guru Prasekolah,umum,"Preschool AS (sebelum kindergarten) paling dekat dengan PAUD/Kelompok Bermain di Indonesia, bukan TK - lihat entri terpisah untuk Guru TK",Pendidikan,3,S,"Instruct preschool-aged students, following curricula or lesson plans, in activities designed to promote social, physical, and intellectual growth."
25-2012.00,"Kindergarten Teachers, Except Special Education",Guru TK,Guru Taman Kanak-Kanak,umum,,Pendidikan,4,S,Teach academic and social skills to kindergarten students.
25-2021.00,"Elementary School Teachers, Except Special Education",Guru SD,Guru Sekolah Dasar,umum,,Pendidikan,4,S,Teach academic and social skills to students at the elementary school level.
25-2022.00,"Middle School Teachers, Except Special and Career/Technical Education",Guru SMP,Guru Sekolah Menengah Pertama,umum,,Pendidikan,4,S,"Teach one or more subjects to students at the middle, intermediate, or junior high school level."
25-2023.00,"Career/Technical Education Teachers, Middle School",Guru Prakarya/Keterampilan SMP,Guru Keterampilan Vokasi SMP,terbatas,"SMP di Indonesia tidak memiliki jalur vokasi terpisah seperti SMK; padanan terdekat adalah mapel Prakarya/Keterampilan, bukan jabatan guru tersendiri",Pendidikan,4,S,"Teach occupational, vocational, career, or technical subjects to students at the middle, intermediate, or junior high school level."
25-2031.00,"Secondary School Teachers, Except Special and Career/Technical Education",Guru SMA,Guru Sekolah Menengah Atas,umum,,Pendidikan,4,S,Teach one or more subjects to students at the secondary school level.
25-2032.00,"Career/Technical Education Teachers, Secondary School",Guru SMK,Guru Sekolah Menengah Kejuruan,umum,,Pendidikan,4,S,"Teach occupational, vocational, career, or technical subjects to students at the secondary school level."
25-2051.00,"Special Education Teachers, Preschool",Guru PAUD Pendidikan Khusus,Guru SLB Prasekolah,terbatas,Layanan pendidikan khusus terstruktur untuk usia prasekolah masih jarang tersedia di Indonesia,Pendidikan,5,S,"Teach academic, social, and life skills to preschool-aged students with learning, emotional, or physical disabilities. Includes teachers who specialize and work with students who are blind or have visual impairments; students who are deaf or have hearing impairments; and students with intellectual d"
25-2055.00,"Special Education Teachers, Kindergarten",Guru TK Pendidikan Khusus,Guru SLB Tingkat TK,terbatas,perlu verifikasi - layanan pendidikan khusus jenjang TK belum umum sebagai jabatan tersendiri,Pendidikan,4,S,"Teach academic, social, and life skills to kindergarten students with learning, emotional, or physical disabilities. Includes teachers who specialize and work with students who are blind or have visual impairments; students who are deaf or have hearing impairments; and students with intellectual dis"
25-2056.00,"Special Education Teachers, Elementary School",Guru SD Pendidikan Khusus,Guru SLB Tingkat SD,umum,,Pendidikan,4,S,"Teach academic, social, and life skills to elementary school students with learning, emotional, or physical disabilities. Includes teachers who specialize and work with students who are blind or have visual impairments; students who are deaf or have hearing impairments; and students with intellectua"
25-2057.00,"Special Education Teachers, Middle School",Guru SMP Pendidikan Khusus,Guru SLB Tingkat SMP,umum,,Pendidikan,4,S,"Teach academic, social, and life skills to middle school students with learning, emotional, or physical disabilities. Includes teachers who specialize and work with students who are blind or have visual impairments; students who are deaf or have hearing impairments; and students with intellectual di"
25-2058.00,"Special Education Teachers, Secondary School",Guru SMA Pendidikan Khusus,Guru SLB Tingkat SMA,umum,,Pendidikan,4,S,"Teach academic, social, and life skills to secondary school students with learning, emotional, or physical disabilities. Includes teachers who specialize and work with students who are blind or have visual impairments; students who are deaf or have hearing impairments; and students with intellectual"
25-2059.00,"Special Education Teachers, All Other",Guru Pendidikan Khusus Lainnya,Guru SLB Lainnya,umum,Kategori sisa (catch-all) O*NET untuk guru pendidikan khusus yang tidak masuk kategori jenjang spesifik,Pendidikan,,,All special education teachers not listed separately.
25-2059.01,Adapted Physical Education Specialists,Guru Pendidikan Jasmani Adaptif,Guru PJOK untuk Anak Berkebutuhan Khusus,terbatas,"perlu verifikasi - peran spesialis ini belum umum sebagai jabatan berdiri sendiri di Indonesia, biasanya dirangkap oleh guru PJOK atau guru SLB",Pendidikan,5,S,"Provide individualized physical education instruction or services to children, youth, or adults with exceptional physical needs due to gross motor developmental delays or other impairments."
25-3011.00,"Adult Basic Education, Adult Secondary Education, and English as a Second Language Instructors",Guru Pendidikan Kesetaraan,Instruktur Keaksaraan Fungsional;Tutor Kejar Paket A/B/C,umum,Komponen 'ESL' di AS (bahasa Inggris untuk imigran dewasa) tidak punya padanan langsung di Indonesia; yang relevan di sini adalah pendidikan kesetaraan dan keaksaraan fungsional untuk orang dewasa,Pendidikan,4,S,"Teach or instruct out-of-school youths and adults in basic education, literacy, or English as a Second Language classes, or in classes for earning a high school equivalency credential."
25-3021.00,Self-Enrichment Teachers,Guru Kursus,Instruktur Les Non-Formal;Guru Ekstrakurikuler,umum,,Pendidikan,3,S,"Teach or instruct individuals or groups for the primary purpose of self-enrichment or recreation, rather than for an occupational objective, educational attainment, competition, or fitness."
25-3031.00,"Substitute Teachers, Short-Term",Guru Pengganti,Guru Piket Pengganti,umum,,Pendidikan,4,S,"Teach students on a short-term basis as a temporary replacement for a regular classroom teacher, typically using the regular teacher's lesson plan."
25-3041.00,Tutors,Guru Les Privat,Tutor,umum,,Pendidikan,3,S,Instruct individual students or small groups of students in academic subjects to support formal class instruction or to prepare students for standardized or admissions tests.
25-3099.00,"Teachers and Instructors, All Other",Guru/Instruktur Lainnya,,umum,Kategori sisa (catch-all) O*NET untuk guru/instruktur yang tidak masuk kategori spesifik lain,Pendidikan,,,All teachers and instructors not listed separately.
25-4011.00,Archivists,Arsiparis,,umum,,Pendidikan,5,C,"Appraise, edit, and direct safekeeping of permanent records and historically valuable documents. Participate in research activities based on archival materials."
25-4012.00,Curators,Kurator,Kurator Museum;Kurator Galeri Seni,terbatas,"Istilah dan profesinya dikenal, tetapi jumlah posisi sangat terbatas di Indonesia (museum dan galeri seni besar)",Pendidikan,5,C,"Administer collections, such as artwork, collectibles, historic items, or scientific specimens of museums or other institutions. May conduct instructional, research, or public service activities of institution."
25-4013.00,Museum Technicians and Conservators,Konservator Museum,Teknisi Museum,terbatas,Posisi sangat sedikit dan terkonsentrasi di museum-museum besar (mis. Museum Nasional),Pendidikan,4,R,"Restore, maintain, or prepare objects in museum collections for storage, research, or exhibit. May work with specimens such as fossils, skeletal parts, or botanicals; or artifacts, textiles, or art. May identify and record objects or install and arrange them in exhibits. Includes book or document co"
25-4022.00,Librarians and Media Collections Specialists,Pustakawan,,umum,,Pendidikan,5,C,"Administer and maintain libraries or collections of information, for public or private access through reference or borrowing. Work in a variety of settings, such as educational institutions, museums, and corporations, and with various types of informational materials, such as books, periodicals, rec"
25-4031.00,Library Technicians,Pustakawan Tingkat Terampil,Teknisi Perpustakaan;Asisten Pustakawan,umum,"Sesuai jabatan fungsional 'Pustakawan Tingkat Terampil' di Indonesia, berbeda dari 'Pustakawan Ahli' (setara Librarians)",Pendidikan,3,C,"Assist librarians by helping readers in the use of library catalogs, databases, and indexes to locate books and other materials; and by answering questions that require only brief consultation of standard reference. Compile records; sort and shelve books or other media; remove or repair damaged book"
25-9021.00,Farm and Home Management Educators,Penyuluh Pertanian,Penyuluh Pertanian dan Keluarga;Penyuluh Lapangan,umum,Padanan terdekat jabatan fungsional Penyuluh Pertanian (Kementerian Pertanian); komponen 'home management' mirip peran penyuluh keluarga/PKK,Pendidikan,5,S,"Instruct and advise individuals and families engaged in agriculture, agricultural-related processes, or home management activities. Demonstrate procedures and apply research findings to advance agricultural and home management activities. May develop educational outreach programs. May instruct on ei"
25-9031.00,Instructional Coordinators,Pengembang Kurikulum,Koordinator Kurikulum;Widyaiswara,terbatas,"perlu verifikasi - di Indonesia peran ini biasanya melekat pada Wakasek Kurikulum, Pengawas Sekolah, atau Widyaiswara, bukan jabatan berdiri sendiri seperti di AS",Pendidikan,5,S,"Develop instructional material, coordinate educational content, and incorporate current technology into instruction in order to provide guidelines to educators and instructors for developing curricula and conducting courses. May train and coach teachers. Includes educational consultants and speciali"
25-9042.00,"Teaching Assistants, Preschool, Elementary, Middle, and Secondary School, Except Special Education",Asisten Guru,Guru Pendamping,terbatas,Peran ini lebih umum di sekolah swasta/internasional; jarang menjadi jabatan formal tersendiri di sekolah negeri Indonesia,Pendidikan,3,S,"Assist a preschool, elementary, middle, or secondary school teacher with instructional duties. Serve in a position for which a teacher has primary responsibility for the design and implementation of educational programs and services."
25-9043.00,"Teaching Assistants, Special Education",Guru Pendamping Khusus (GPK),Asisten Guru Pendidikan Khusus,umum,Dikenal luas dengan istilah GPK dalam program pendidikan inklusif di Indonesia,Pendidikan,3,S,"Assist a preschool, elementary, middle, or secondary school teacher to provide academic, social, or life skills to students who have learning, emotional, or physical disabilities. Serve in a position for which a teacher has primary responsibility for the design and implementation of educational prog"
25-9044.00,"Teaching Assistants, Postsecondary",Asisten Dosen,Asisten Praktikum;Asisten Laboratorium,umum,,Pendidikan,5,S,"Assist faculty or other instructional staff in postsecondary institutions by performing instructional support activities, such as developing teaching materials, leading discussion groups, preparing and giving examinations, and grading examinations or papers."
25-9049.00,"Teaching Assistants, All Other",Asisten Pengajar Lainnya,,umum,Kategori sisa (catch-all) O*NET untuk asisten pengajar yang tidak masuk kategori spesifik lain,Pendidikan,,,All teaching assistants not listed separately.
25-9099.00,"Educational Instruction and Library Workers, All Other",Tenaga Kependidikan dan Perpustakaan Lainnya,,umum,Kategori sisa (catch-all) O*NET untuk pekerja bidang pendidikan/perpustakaan yang tidak masuk kategori spesifik lain,Pendidikan,,,All educational instruction and library workers not listed separately.
27-1011.00,Art Directors,Art Director,Direktur Artistik;Direktur Kreatif,umum,,Kreatif & Media Digital,4,A,"Formulate design concepts and presentation approaches for visual productions and media, such as print, broadcasting, video, and film. Direct workers engaged in artwork or layout design."
27-1012.00,Craft Artists,Perajin/Seniman Kriya,Pengrajin;Craft Artist,umum,"Umum dalam bentuk UMKM/industri kerajinan (tenun, keramik, anyaman), bukan selalu gelar profesi formal.",Kreatif & Media Digital,3,A,"Create or reproduce handmade objects for sale and exhibition using a variety of techniques, such as welding, weaving, pottery, and needlecraft."
27-1013.00,"Fine Artists, Including Painters, Sculptors, and Illustrators",Seniman Rupa (Pelukis/Pematung/Ilustrator),Fine Artist;Pelukis;Pematung;Ilustrator,terbatas,"Umumnya berkarier independen/freelance, bukan posisi lowongan formal - lebih sering di komunitas seni atau galeri.",Kreatif & Media Digital,3,A,Create original artwork using any of a wide variety of media and techniques.
27-1014.00,Special Effects Artists and Animators,Animator / VFX Artist,3D Animator;Special Effects Artist;Visual Effects Artist,umum,O*NET menggabungkan animator dan VFX artist; di industri Indonesia keduanya sering dipisah sebagai peran berbeda.,Kreatif & Media Digital,4,A,"Create special effects or animations using film, video, computers, or other electronic tools and media for use in products, such as computer games, movies, music videos, and commercials."
27-1019.00,"Artists and Related Workers, All Other",Seniman dan Pekerja Seni Lainnya,,terbatas,Kategori sisa (catch-all) O*NET untuk seniman yang tidak masuk kode lain; tidak ada padanan spesifik di industri.,Kreatif & Media Digital,,,All artists and related workers not listed separately.
27-1021.00,Commercial and Industrial Designers,Desainer Produk (Industrial Designer),Product Designer;Desainer Industri,terbatas,"Ada di industri manufaktur/startup hardware, tapi jauh lebih kecil dibanding desain grafis/UI di Indonesia.",Kreatif & Media Digital,4,A,"Design and develop manufactured products, such as cars, home appliances, and children's toys. Combine artistic talent with research on product use, marketing, and materials to create the most functional and appealing product design."
27-1022.00,Fashion Designers,Desainer Fashion,Fashion Designer;Perancang Busana/Mode,umum,,Kreatif & Media Digital,3,A,Design clothing and accessories. Create original designs or adapt fashion trends.
27-1023.00,Floral Designers,Perangkai Bunga (Florist),Florist;Dekorator Bunga,terbatas,"Niche, umumnya terkait bisnis toko bunga/dekorasi acara (wedding/event).",Kreatif & Media Digital,2,R,"Design, cut, and arrange live, dried, or artificial flowers and foliage."
27-1024.00,Graphic Designers,Graphic Designer,Desainer Grafis,umum,,Kreatif & Media Digital,4,A,"Design or create graphics to meet specific commercial or promotional needs, such as packaging, displays, or logos. May use a variety of mediums to achieve artistic or decorative effects."
27-1025.00,Interior Designers,Interior Designer,Desainer Interior,umum,,Kreatif & Media Digital,4,A,"Plan, design, and furnish the internal space of rooms or buildings. Design interior environments or create physical layouts that are practical, aesthetic, and conducive to the intended purposes. May specialize in a particular field, style, or phase of interior design."
27-1026.00,Merchandise Displayers and Window Trimmers,Penata Etalase / Visual Merchandiser,Visual Merchandiser;Penata Display Toko,terbatas,"Niche, biasanya bagian dari tim visual merchandising ritel/mal, jarang jadi jabatan berdiri sendiri.",Kreatif & Media Digital,3,A,"Plan and erect commercial displays, such as those in windows and interiors of retail stores and at trade exhibitions."
27-1027.00,Set and Exhibit Designers,Desainer Set dan Panggung,Set Designer;Desainer Pameran,terbatas,"Ada di industri film/TV/teater/pameran, tapi sering merangkap peran art director/production designer.",Kreatif & Media Digital,5,A,"Design special exhibits and sets for film, video, television, and theater productions. May study scripts, confer with directors, and conduct research to determine appropriate architectural styles."
27-1029.00,"Designers, All Other",Desainer Lainnya,,terbatas,Kategori sisa (catch-all) O*NET; tidak ada padanan spesifik.,Kreatif & Media Digital,,,All designers not listed separately.
27-2012.00,Producers and Directors,Produser dan Sutradara,Producer;Director,umum,,Kreatif & Media Digital,4,A,"Produce or direct stage, television, radio, video, or film productions for entertainment, information, or instruction. Responsible for creative decisions, such as interpretation of script, choice of actors or guests, set design, sound, special effects, and choreography."
27-2012.03,Media Programming Directors,Direktur Program Media (TV/Radio),Programming Director,terbatas,"Jabatan manajerial spesifik di stasiun TV/radio, jumlah posisi terbatas.",Kreatif & Media Digital,4,E,"Direct and coordinate activities of personnel engaged in preparation of radio or television station program schedules and programs, such as sports or news."
27-2012.04,Talent Directors,Talent Director / Casting Director,Casting Director,terbatas,Peran casting ada di industri film/TV/iklan Indonesia tapi jumlah posisi sedikit; perlu verifikasi istilah baku.,Kreatif & Media Digital,4,E,"Audition and interview performers to select most appropriate talent for parts in stage, television, radio, or motion picture productions."
27-2012.05,Media Technical Directors/Managers,Technical Director / Manajer Teknis Siaran,Media Technical Manager,terbatas,"Niche, ada di stasiun TV/radio atau rumah produksi besar.",Kreatif & Media Digital,4,E,"Coordinate activities of technical departments, such as taping, editing, engineering, and maintenance, to produce radio or television programs."
27-2041.00,Music Directors and Composers,Music Director dan Komposer,Komposer;Arranger;Dirigen,umum,,Kreatif & Media Digital,4,A,"Conduct, direct, plan, and lead instrumental or vocal performances by musical artists or groups, such as orchestras, bands, choirs, and glee clubs; or create original works of music."
27-3011.00,Broadcast Announcers and Radio Disc Jockeys,Penyiar Radio/TV,Announcer;Radio DJ,umum,,Kreatif & Media Digital,4,A,"Speak or read from scripted materials, such as news reports or commercial messages, on radio, television, or other communications media. May play and queue music, announce artist or title of performance, identify station, or interview guests."
27-3023.00,"News Analysts, Reporters, and Journalists",Wartawan / Jurnalis,Reporter;News Analyst,umum,,Kreatif & Media Digital,4,A,"Narrate or write news stories, reviews, or commentary for print, broadcast, or other communications media such as newspapers, magazines, radio, or television. May collect and analyze information through interview, investigation, or observation."
27-3031.00,Public Relations Specialists,PR Specialist / Humas,Public Relations Officer,umum,,Kreatif & Media Digital,4,E,"Promote or create an intended public image for individuals, groups, or organizations. May write or select material for release to various communications media. May specialize in using social media."
27-3041.00,Editors,Redaktur / Editor,Editor Naskah;Editor Konten,umum,,Kreatif & Media Digital,4,A,"Plan, coordinate, revise, or edit written material. May review proposals and drafts for possible publication."
27-3042.00,Technical Writers,Technical Writer (Penulis Teknis),Penulis Dokumentasi,terbatas,"Berkembang di sektor teknologi/software, tapi jumlah posisi masih relatif kecil dibanding content writer umum.",Kreatif & Media Digital,4,C,"Write technical materials, such as equipment manuals, appendices, or operating and maintenance instructions. May assist in layout work."
27-3043.00,Writers and Authors,Penulis,Writer;Content Writer;Penulis Naskah,umum,,Kreatif & Media Digital,4,A,"Originate and prepare written material, such as scripts, stories, advertisements, and other material."
27-3043.05,"Poets, Lyricists and Creative Writers",Penyair / Pencipta Lirik,Poet;Lyricist;Penulis Lirik,terbatas,"Umumnya berkarier independen/freelance, bukan posisi lowongan formal.",Kreatif & Media Digital,4,A,"Create original written works, such as scripts, essays, prose, poetry or song lyrics, for publication or performance."
27-3091.00,Interpreters and Translators,Penerjemah / Juru Bahasa,Translator;Interpreter,umum,,Kreatif & Media Digital,4,C,"Interpret oral or sign language, or translate written text from one language into another."
27-3092.00,Court Reporters and Simultaneous Captioners,Juru Ketik Notulen Sidang / Captioner,Stenographer;Live Captioner,tidak_relevan,"Sistem pengadilan Indonesia memakai panitera, bukan court reporter stenografi verbatim; live captioning untuk siaran TV ada tapi sangat niche - perlu verifikasi.",Kreatif & Media Digital,3,C,"Use verbatim methods and equipment to capture, store, retrieve, and transcribe pretrial and trial proceedings or other information. Includes stenocaptioners who operate computerized stenographic captioning equipment to provide captions of live or prerecorded broadcasts for hearing-impaired viewers."
27-3099.00,"Media and Communication Workers, All Other",Pekerja Media dan Komunikasi Lainnya,,terbatas,Kategori sisa (catch-all) O*NET; tidak ada padanan spesifik.,Kreatif & Media Digital,,,All media and communication workers not listed separately.
27-4011.00,Audio and Video Technicians,Teknisi Audio Video,AV Technician,umum,,Kreatif & Media Digital,3,R,"Set up, maintain, and dismantle audio and video equipment, such as microphones, sound speakers, connecting wires and cables, sound and mixing boards, video cameras, video monitors and servers, and related electronic equipment for live or recorded events, such as concerts, meetings, conventions, pres"
27-4012.00,Broadcast Technicians,Teknisi Broadcast/Penyiaran,Broadcast Engineer,umum,,Kreatif & Media Digital,3,C,"Set up, operate, and maintain the electronic equipment used to acquire, edit, and transmit audio and video for radio or television programs. Control and adjust incoming and outgoing broadcast signals to regulate sound volume, signal strength, and signal clarity. Operate satellite, microwave, or othe"
27-4014.00,Sound Engineering Technicians,Sound Engineer,Penata Suara;Audio Engineer,umum,,Kreatif & Media Digital,3,R,"Assemble and operate equipment to record, synchronize, mix, edit, or reproduce sound, including music, voices, or sound effects, for theater, video, film, television, podcasts, sporting events, and other productions."
27-4015.00,Lighting Technicians,Penata Cahaya (Lighting Technician),Lighting Man;Gaffer,umum,,Kreatif & Media Digital,3,R,"Set up, maintain, and dismantle light fixtures, lighting control devices, and the associated lighting electrical and rigging equipment used for photography, television, film, video, and live productions. May focus or operate light fixtures, or attach color filters or other lighting accessories."
27-4021.00,Photographers,Fotografer,Photographer,umum,,Kreatif & Media Digital,3,R,"Photograph people, landscapes, merchandise, or other subjects. May use lighting equipment to enhance a subject's appearance. May use editing software to produce finished images and prints. Includes commercial and industrial photographers, scientific photographers, and photojournalists."
27-4031.00,"Camera Operators, Television, Video, and Film",Juru Kamera (Camera Person),Cameraman;Camera Operator,umum,,Kreatif & Media Digital,3,A,"Operate television, video, or film camera to record images or scenes for television, video, or film productions."
27-4032.00,Film and Video Editors,Video Editor,Film Editor;Editor Video,umum,,Kreatif & Media Digital,4,A,"Edit moving images on film, video, or other media. May work with a producer or director to organize images for final production. May edit or synchronize soundtracks with images."
27-4099.00,"Media and Communication Equipment Workers, All Other",Pekerja Peralatan Media dan Komunikasi Lainnya,,terbatas,Kategori sisa (catch-all) O*NET; tidak ada padanan spesifik.,Kreatif & Media Digital,,,All media and communication equipment workers not listed separately.
29-1011.00,Chiropractors,Chiropractor,Ahli Kiropraktik; Kiropraktor,terbatas,Kiropraktik belum jadi profesi kesehatan berizin resmi Kemenkes RI; layanan hanya ada di klinik swasta tertentu di kota besar.,Healthcare,5,S,"Assess, treat, and care for patients by manipulation of spine and musculoskeletal system. May provide spinal adjustment or address sacral or pelvic misalignment."
29-1021.00,"Dentists, General",Dokter Gigi,Dentist,umum,,Healthcare,5,I,"Examine, diagnose, and treat diseases, injuries, and malformations of teeth and gums. May treat diseases of nerve, pulp, and other dental tissues affecting oral hygiene and retention of teeth. May fit dental appliances or provide preventive care."
29-1022.00,Oral and Maxillofacial Surgeons,Dokter Gigi Spesialis Bedah Mulut dan Maksilofasial,Sp.BM; Oral Maxillofacial Surgeon,terbatas,"Spesialisasi resmi PDGI (Sp.BM), tapi jumlah praktisi sedikit dan terpusat di RS besar/kota besar.",Healthcare,5,I,"Perform surgery and related procedures on the hard and soft tissues of the oral and maxillofacial regions to treat diseases, injuries, or defects. May diagnose problems of the oral and maxillofacial regions. May perform surgery to improve function or appearance."
29-1023.00,Orthodontists,Dokter Gigi Spesialis Ortodonti,Sp.Ort; Dokter Behel,umum,Permintaan tinggi (perawatan kawat gigi/behel populer).,Healthcare,5,I,"Examine, diagnose, and treat dental malocclusions and oral cavity anomalies. Design and fabricate appliances to realign teeth and jaws to produce and maintain normal function and to improve appearance."
29-1024.00,Prosthodontists,Dokter Gigi Spesialis Prostodonsia,Sp.Pros,terbatas,"Spesialisasi resmi tapi jumlah praktisi sangat sedikit, terpusat di kota besar.",Healthcare,5,R,"Diagnose, treat, rehabilitate, design, and fit prostheses that maintain oral function, health, and appearance for patients with clinical conditions associated with teeth, oral and maxillofacial tissues, or the jaw."
29-1029.00,"Dentists, All Other Specialists",Dokter Gigi Spesialis Lainnya,Sp.KG; Sp.Perio; Sp.PM; Sp.RKG,umum,"Mencakup spesialisasi gigi lain seperti konservasi gigi, periodonsia, kedokteran gigi anak, radiologi kedokteran gigi.",Healthcare,,,All dentists not listed separately.
29-1031.00,Dietitians and Nutritionists,Ahli Gizi,Nutrisionis; Dietisien; Dietitian,umum,,Healthcare,5,S,"Plan and conduct food service or nutritional programs to assist in the promotion of health and control of disease. May supervise activities of a department providing quantity food services, counsel individuals, or conduct nutritional research."
29-1041.00,Optometrists,Optometris,Refraksionis Optisien; RO,umum,"Sebagian layanan dijalankan oleh Refraksionis Optisien (RO) di gerai optik, sebagian oleh lulusan D4 Optometri.",Healthcare,5,I,"Diagnose, manage, and treat conditions and diseases of the human eye and visual system. Examine eyes and visual system, diagnose problems or impairments, prescribe corrective lenses, and provide treatment. May prescribe therapeutic drugs to treat specific eye conditions."
29-1051.00,Pharmacists,Apoteker,Pharmacist,umum,,Healthcare,5,I,"Dispense drugs prescribed by physicians and other health practitioners and provide information to patients about medications and their use. May advise physicians and other health practitioners on the selection, dosage, interactions, and side effects of medications."
29-1071.00,Physician Assistants,Physician Assistant,Asisten Dokter,tidak_relevan,Tidak ada profesi 'asisten dokter' berizin mandiri di Indonesia; sistem kesehatan memisahkan dokter dan perawat/bidan tanpa jenjang ini.,Healthcare,5,S,"Provide healthcare services typically performed by a physician, under the supervision of a physician. Conduct complete physicals, provide treatment, and counsel patients. May, in some cases, prescribe medication. Must graduate from an accredited educational program for physician assistants."
29-1071.01,Anesthesiologist Assistants,Anesthesiologist Assistant,Asisten Anestesi,tidak_relevan,"Tidak ada profesi ini di Indonesia; peran serupa dijalankan oleh Penata Anestesi (perawat anestesi), bukan kategori terpisah.",Healthcare,5,C,Assist anesthesiologists in the administration of anesthesia for surgical and non-surgical procedures. Monitor patient status and provide patient care during surgical treatment.
29-1081.00,Podiatrists,Podiatris,Podiatrist; Dokter Kaki,tidak_relevan,Podiatri bukan profesi kesehatan tersendiri di Indonesia; kondisi kaki ditangani dokter spesialis ortopedi/kulit atau perawat luka.,Healthcare,5,I,Diagnose and treat diseases and deformities of the human foot.
29-1122.00,Occupational Therapists,Terapis Okupasi,Occupational Therapist,terbatas,"Profesi resmi ada tapi jumlah praktisi masih sedikit dibanding fisioterapis, umumnya di RS rehabilitasi kota besar.",Healthcare,5,S,"Assess, plan, and organize rehabilitative programs that help build or restore vocational, homemaking, and daily living skills, as well as general independence, to persons with disabilities or developmental delays. Use therapeutic techniques, adapt the individual's environment, teach skills, and modi"
29-1122.01,"Low Vision Therapists, Orientation and Mobility Specialists, and Vision Rehabilitation Therapists",Terapis Low Vision dan Rehabilitasi Penglihatan,Vision Rehabilitation Therapist,tidak_relevan,Tidak ada profesi terpisah ini di Indonesia; fungsinya melebur ke terapi okupasi atau layanan optometri/oftalmologi.,Healthcare,5,S,"Provide therapy to patients with visual impairments to improve their functioning in daily life activities. May train patients in activities such as computer use, communication skills, or home management skills."
29-1123.00,Physical Therapists,Fisioterapis,Physical Therapist,umum,,Healthcare,5,S,"Assess, plan, organize, and participate in rehabilitative programs that improve mobility, relieve pain, increase strength, and improve or correct disabling conditions resulting from disease or injury."
29-1124.00,Radiation Therapists,Radiografer Radioterapi,Radiation Therapist,terbatas,"Di Indonesia fungsi ini umumnya dijalankan oleh Radiografer dengan peminatan radioterapi, bukan profesi terpisah.",Healthcare,3,R,"Provide radiation therapy to patients as prescribed by a radiation oncologist according to established practices and standards. Duties may include reviewing prescription and diagnosis; acting as liaison with physician and supportive care personnel; preparing equipment, such as immobilization, treatm"
29-1125.00,Recreational Therapists,Terapis Rekreasi,Recreational Therapist,tidak_relevan,Tidak ada profesi terpisah ini di Indonesia; aktivitas rekreasi terapeutik biasanya bagian dari tugas perawat/terapis okupasi.,Healthcare,4,S,"Plan, direct, or coordinate medically-approved recreation programs for patients in hospitals, nursing homes, or other institutions. Activities include sports, trips, dramatics, social activities, and crafts. May assess a patient condition and recommend appropriate recreational activity."
29-1126.00,Respiratory Therapists,Terapis Respirasi,Respiratory Therapist; Fisioterapis Respirasi,terbatas,"Belum jadi profesi mandiri yang luas; fungsi biasanya ditangani perawat ICU, dokter spesialis paru, atau fisioterapis respirasi.",Healthcare,3,R,"Assess, treat, and care for patients with breathing disorders. Assume primary responsibility for all respiratory care modalities, including the supervision of respiratory therapy technicians. Initiate and conduct therapeutic procedures; maintain patient records; and select, assemble, check, and oper"
29-1127.00,Speech-Language Pathologists,Terapis Wicara,Speech-Language Pathologist,umum,,Healthcare,5,S,"Assess and treat persons with speech, language, voice, and fluency disorders. May select alternative communication systems and teach their use. May perform research related to speech and language problems."
29-1128.00,Exercise Physiologists,Fisiolog Olahraga,Exercise Physiologist; Ahli Fisiologi Latihan,terbatas,perlu verifikasi - belum jadi profesi berizin terpisah; overlap dengan lulusan Ilmu Keolahragaan atau fisioterapi olahraga.,Healthcare,4,R,"Assess, plan, or implement fitness programs that include exercise or physical activities such as those designed to improve cardiorespiratory function, body composition, muscular strength, muscular endurance, or flexibility."
29-1129.00,"Therapists, All Other",Terapis Lainnya,Other Therapists,umum,Kategori sisa (catch-all) untuk terapis yang tidak masuk kelompok lain.,Healthcare,,,All therapists not listed separately.
29-1129.01,Art Therapists,Terapis Seni,Art Therapist,terbatas,"Ada praktik di sejumlah klinik kesehatan jiwa/pendidikan khusus, tapi belum ada regulasi profesi resmi tersendiri.",Healthcare,5,S,"Plan or conduct art therapy sessions or programs to improve clients' physical, cognitive, or emotional well-being."
29-1129.02,Music Therapists,Terapis Musik,Music Therapist,terbatas,"Ada praktik di klinik tumbuh kembang/kesehatan jiwa tertentu, tapi belum ada regulasi profesi resmi tersendiri.",Healthcare,4,S,"Plan, organize, direct, or assess clinical and evidenced-based music therapy interventions to positively influence individuals' physical, psychological, cognitive, or behavioral status."
29-1131.00,Veterinarians,Dokter Hewan,Veterinarian,umum,,Healthcare,5,I,"Diagnose, treat, or research diseases and injuries of animals. Includes veterinarians who conduct research and development, inspect livestock, or care for pets and companion animals."
29-1141.00,Registered Nurses,Perawat,Registered Nurse; Ners,umum,,Healthcare,4,S,"Assess patient health problems and needs, develop and implement nursing care plans, and maintain medical records. Administer nursing care to ill, injured, convalescent, or disabled patients. May advise patients on health maintenance and disease prevention or provide case management. Licensing or reg"
29-1141.01,Acute Care Nurses,Perawat Perawatan Akut,Perawat ICU/IGD; Acute Care Nurse,terbatas,O*NET memecah lebih detail dari praktik Indonesia; peran ini umumnya disebut Perawat ICU atau Perawat Gawat Darurat.,Healthcare,4,S,"Provide advanced nursing care for patients with acute conditions such as heart attacks, respiratory distress syndrome, or shock. May care for pre- and post-operative patients or perform advanced, invasive diagnostic or therapeutic procedures."
29-1141.02,Advanced Practice Psychiatric Nurses,Perawat Spesialis Jiwa,Ners Spesialis Keperawatan Jiwa,terbatas,Jenjang Ners Spesialis Keperawatan Jiwa masih terbatas jumlahnya dan program pendidikannya baru berkembang.,Healthcare,5,S,"Assess, diagnose, and treat individuals and families with mental health or substance use disorders or the potential for such disorders. Apply therapeutic activities, including the prescription of medication, per state regulations, and the administration of psychotherapy."
29-1141.03,Critical Care Nurses,Perawat Kritis,Perawat ICU; Critical Care Nurse,terbatas,"Umumnya disebut Perawat ICU/Perawatan Intensif, bukan jenjang lisensi terpisah seperti di AS.",Healthcare,4,S,Provide specialized nursing care for patients in critical or coronary care units.
29-1141.04,Clinical Nurse Specialists,Perawat Klinis Spesialis,Ners Spesialis; Clinical Nurse Specialist,terbatas,Ners Spesialis klinis masih jenjang baru dan jumlah lulusannya sedikit.,Healthcare,5,S,"Direct nursing staff in the provision of patient care in a clinical practice setting, such as a hospital, hospice, clinic, or home. Ensure adherence to established clinical policies, protocols, regulations, and standards."
29-1151.00,Nurse Anesthetists,Penata Anestesi,Perawat Anestesi; Nurse Anesthetist,umum,Profesi resmi dengan pendidikan D4 Keperawatan Anestesiologi; banyak bertugas di kamar operasi RS.,Healthcare,5,S,"Administer anesthesia, monitor patient's vital signs, and oversee patient recovery from anesthesia. May assist anesthesiologists, surgeons, other physicians, or dentists. Must be registered nurses who have specialized graduate education."
29-1161.00,Nurse Midwives,Bidan,Nurse Midwife,umum,Di AS nurse-midwife adalah perawat dengan pendidikan lanjutan; di Indonesia Bidan adalah profesi mandiri terpisah dari keperawatan.,Healthcare,5,S,"Diagnose and coordinate all aspects of the birthing process, either independently or as part of a healthcare team. May provide well-woman gynecological care. Must have specialized, graduate nursing education."
29-1171.00,Nurse Practitioners,Nurse Practitioner,Perawat Praktisi Lanjutan,tidak_relevan,Tidak ada jenjang perawat dengan kewenangan mendiagnosis dan meresepkan obat secara mandiri seperti di AS; regulasi keperawatan Indonesia tidak mengenal peran ini.,Healthcare,5,I,"Diagnose and treat acute, episodic, or chronic illness, independently or as part of a healthcare team. May focus on health promotion and disease prevention. May order, perform, or interpret diagnostic tests such as lab work and x rays. May prescribe medication. Must be registered nurses who have spe"
29-1181.00,Audiologists,Audiolog,Audiologist,terbatas,"Profesi resmi ada tapi jumlah praktisi sedikit, umumnya di RS THT rujukan kota besar.",Healthcare|Kreatif & Media Digital,5,I,Assess and treat persons with hearing and related disorders. May fit hearing aids and provide auditory training. May perform research related to hearing problems.
29-1211.00,Anesthesiologists,Dokter Spesialis Anestesi,Sp.An; Anesthesiologist,umum,,Healthcare,5,I,"Administer anesthetics and analgesics for pain management prior to, during, or after surgery."
29-1212.00,Cardiologists,Dokter Spesialis Jantung dan Pembuluh Darah,Sp.JP; Kardiolog,umum,,Healthcare,5,I,"Diagnose, treat, manage, and prevent diseases or conditions of the cardiovascular system. May further subspecialize in interventional procedures (e.g., balloon angioplasty and stent placement), echocardiography, or electrophysiology."
29-1213.00,Dermatologists,Dokter Spesialis Kulit dan Kelamin,Sp.KK; Sp.DV; Dermatolog,umum,Nomenklatur baru IDI menyebutnya Sp.DV (Dermatologi dan Venereologi).,Healthcare,5,I,"Diagnose and treat diseases relating to the skin, hair, and nails. May perform both medical and dermatological surgery functions."
29-1214.00,Emergency Medicine Physicians,Dokter Spesialis Kedokteran Gawat Darurat,Sp.GD; Sp.EM,umum,perlu verifikasi singkatan gelar resmi terbaru - spesialisasi ini relatif baru di Indonesia.,Healthcare,5,I,"Make immediate medical decisions and act to prevent death or further disability. Provide immediate recognition, evaluation, care, stabilization, and disposition of patients. May direct emergency medical staff in an emergency department."
29-1215.00,Family Medicine Physicians,Dokter Umum,Dokter Keluarga; General Practitioner,umum,"O*NET memecah lebih halus; di Indonesia peran ini dijalankan Dokter Umum di puskesmas/klinik, bukan spesialisasi tersendiri yang lazim dipraktikkan luas.",Healthcare,5,S,"Diagnose, treat, and provide preventive care to individuals and families across the lifespan. May refer patients to specialists when needed for further diagnosis or treatment."
29-1216.00,General Internal Medicine Physicians,Dokter Spesialis Penyakit Dalam,Sp.PD,umum,,Healthcare,5,I,"Diagnose and provide nonsurgical treatment for a wide range of diseases and injuries of internal organ systems. Provide care mainly for adults and adolescents, and are based primarily in an outpatient care setting."
29-1217.00,Neurologists,Dokter Spesialis Saraf,Sp.N; Neurolog,umum,,Healthcare,5,I,"Diagnose, manage, and treat disorders and diseases of the brain, spinal cord, and peripheral nerves, with a primarily nonsurgical focus."
29-1218.00,Obstetricians and Gynecologists,Dokter Spesialis Obstetri dan Ginekologi,Sp.OG,umum,,Healthcare,5,I,"Provide medical care related to pregnancy or childbirth. Diagnose, treat, and help prevent diseases of women, particularly those affecting the reproductive system. May also provide general care to women. May perform both medical and gynecological surgery functions."
29-1221.00,"Pediatricians, General",Dokter Spesialis Anak,Sp.A; Pediatrician,umum,,Healthcare,5,S,"Diagnose, treat, and help prevent diseases and injuries in children. May refer patients to specialists for further diagnosis or treatment, as needed."
29-1222.00,"Physicians, Pathologists",Dokter Spesialis Patologi,Sp.PK; Sp.PA,umum,Di Indonesia dipecah jadi dua spesialisasi terpisah: Patologi Klinik (Sp.PK) dan Patologi Anatomi (Sp.PA).,Healthcare,5,I,"Diagnose diseases and conduct lab tests using organs, body tissues, and fluids. Includes medical examiners."
29-1223.00,Psychiatrists,Dokter Spesialis Jiwa,Sp.KJ; Psikiater,umum,,Healthcare,5,I,"Diagnose, treat, and help prevent mental disorders."
29-1224.00,Radiologists,Dokter Spesialis Radiologi,Sp.Rad; Radiolog,umum,,Healthcare,5,I,"Diagnose and treat diseases and injuries using medical imaging techniques, such as x rays, magnetic resonance imaging (MRI), nuclear medicine, and ultrasounds. May perform minimally invasive medical procedures and tests."
29-1229.00,"Physicians, All Other",Dokter Spesialis Lainnya,Other Physicians,umum,Kategori sisa (catch-all) untuk dokter spesialis lain.,Healthcare,,,All physicians not listed separately.
29-1229.01,Allergists and Immunologists,Dokter Spesialis Alergi Imunologi,Sp.AI,terbatas,"Subspesialis dari penyakit dalam/anak, jumlah praktisi masih sedikit.",Healthcare,5,I,"Diagnose, treat, and help prevent allergic diseases and disease processes affecting the immune system."
29-1229.02,Hospitalists,Hospitalist,Dokter Jaga Ruangan,tidak_relevan,Tidak ada profesi terpisah 'hospitalist' di Indonesia; fungsi serupa dijalankan dokter jaga RS atau Sp.PD.,Healthcare,5,S,"Provide inpatient care predominantly in settings such as medical wards, acute care units, intensive care units, rehabilitation centers, or emergency rooms. Manage and coordinate patient care throughout treatment."
29-1229.03,Urologists,Dokter Spesialis Urologi,Sp.U,umum,,Healthcare,5,I,"Diagnose, treat, and help prevent benign and malignant medical and surgical disorders of the genitourinary system and the renal glands."
29-1229.04,Physical Medicine and Rehabilitation Physicians,Dokter Spesialis Kedokteran Fisik dan Rehabilitasi,Sp.KFR,umum,,Healthcare,5,I,"Diagnose and treat disorders requiring physiotherapy to provide physical, mental, and occupational rehabilitation."
29-1229.05,Preventive Medicine Physicians,Dokter Spesialis Kedokteran Komunitas,Sp.KKom; Preventive Medicine Physician,terbatas,perlu verifikasi nomenklatur gelar terkini; jumlah praktisi sedikit dan lebih banyak di institusi kesehatan masyarakat/akademik.,Healthcare,5,I,"Apply knowledge of general preventive medicine and public health issues to promote health care to groups or individuals, and aid in the prevention or reduction of risk of disease, injury, disability, or death. May practice population-based medicine or diagnose and treat patients in the context of cl"
29-1229.06,Sports Medicine Physicians,Dokter Spesialis Kedokteran Olahraga,Sp.KO,terbatas,Spesialisasi resmi tapi jumlah praktisi masih sedikit.,Healthcare,5,I,"Diagnose, treat, and help prevent injuries that occur during sporting events, athletic training, and physical activities."
29-1241.00,"Ophthalmologists, Except Pediatric",Dokter Spesialis Mata,Sp.M; Ophthalmologist,umum,,Healthcare,5,I,Diagnose and perform surgery to treat and help prevent disorders and diseases of the eye. May also provide vision services for treatment including glasses and contacts.
29-1242.00,"Orthopedic Surgeons, Except Pediatric",Dokter Spesialis Ortopedi dan Traumatologi,Sp.OT,umum,,Healthcare,5,I,Diagnose and perform surgery to treat and prevent rheumatic and other diseases in the musculoskeletal system.
29-1243.00,Pediatric Surgeons,Dokter Spesialis Bedah Anak,Sp.BA,terbatas,"Subspesialisasi bedah, jumlah praktisi sedikit dan terpusat di RS rujukan besar.",Healthcare,5,I,"Diagnose and perform surgery to treat fetal abnormalities and birth defects, diseases, and injuries in fetuses, premature and newborn infants, children, and adolescents. Includes all pediatric surgical specialties and subspecialties."
29-1249.00,"Surgeons, All Other",Dokter Spesialis Bedah Lainnya,Sp.B; Sp.BS; Sp.BTKV,umum,"Kategori sisa mencakup bedah umum, bedah saraf, bedah toraks kardiovaskular, dan subspesialisasi bedah lain.",Healthcare,,,All surgeons not listed separately.
29-1291.00,Acupuncturists,Akupunkturis,Terapis Akupunktur; Acupuncturist,terbatas,Bagian dari pengobatan tradisional/komplementer; ada juga dokter dengan sertifikasi akupunktur medik.,Healthcare,5,S,"Diagnose, treat, and prevent disorders by stimulating specific acupuncture points within the body using acupuncture needles. May also use cups, nutritional supplements, therapeutic massage, acupressure, and other alternative health therapies."
29-1292.00,Dental Hygienists,Terapis Gigi dan Mulut,Perawat Gigi; Dental Hygienist,umum,Nomenklatur resmi Kemenkes untuk tenaga D3/D4 Kesehatan Gigi yang menangani kebersihan dan perawatan gigi dasar.,Healthcare,3,S,Administer oral hygiene care to patients. Assess patient oral hygiene problems or needs and maintain health records. Advise patients on oral health maintenance and disease prevention. May provide advanced care such as providing fluoride treatment or administering topical anesthesia.
29-1299.00,"Healthcare Diagnosing or Treating Practitioners, All Other",Tenaga Kesehatan Pemberi Diagnosis/Pengobatan Lainnya,Other Healthcare Practitioners,umum,Kategori sisa (catch-all).,Healthcare,,,All healthcare diagnosing or treating practitioners not listed separately.
29-1299.01,Naturopathic Physicians,Dokter Naturopati,Naturopathic Physician,tidak_relevan,Naturopati tidak diregulasi sebagai profesi kedokteran resmi di Indonesia.,Healthcare,5,I,"Diagnose, treat, and help prevent diseases using a system of practice that is based on the natural healing capacity of individuals. May use physiological, psychological or mechanical methods. May also use natural medicines, prescription or legend drugs, foods, herbs, or other natural remedies."
29-1299.02,Orthoptists,Ortoptis,Orthoptist,tidak_relevan,Tidak ada profesi terpisah ini di Indonesia; fungsinya dijalankan dokter spesialis mata atau refraksionis optisien.,Healthcare,5,I,Diagnose and treat visual system disorders such as binocular vision and eye movement impairments.
29-2011.00,Medical and Clinical Laboratory Technologists,Ahli Teknologi Laboratorium Medik,ATLM; Medical Laboratory Technologist,umum,ATLM adalah nomenklatur resmi Kemenkes untuk tenaga laboratorium medik jenjang D4/S1.,Healthcare,4,I,"Perform complex medical laboratory tests for diagnosis, treatment, and prevention of disease. May train or supervise staff."
29-2011.01,Cytogenetic Technologists,Teknolog Sitogenetika,Cytogenetic Technologist,terbatas,"Subspesialisasi ATLM yang sangat niche, hanya di laboratorium rujukan/riset genetika tertentu.",Healthcare,4,I,"Analyze chromosomes or chromosome segments found in biological specimens, such as amniotic fluids, bone marrow, solid tumors, and blood to aid in the study, diagnosis, classification, or treatment of inherited or acquired genetic diseases. Conduct analyses through classical cytogenetic, fluorescent "
29-2011.02,Cytotechnologists,Sitoteknologis,Cytotechnologist,terbatas,"Subspesialisasi ATLM di bidang sitologi, umumnya bekerja sama dengan Sp.PA di laboratorium patologi anatomi.",Healthcare,5,I,"Stain, mount, and study cells to detect evidence of cancer, hormonal abnormalities, and other pathological conditions following established standards and practices."
29-2011.04,Histotechnologists,Histoteknologis,Histotechnologist,terbatas,"Subspesialisasi ATLM di bidang histologi/jaringan, jumlah tenaga terbatas.",Healthcare,4,I,Apply knowledge of health and disease causes to evaluate new laboratory techniques and procedures to examine tissue samples. Process and prepare histological slides from tissue sections for microscopic examination and diagnosis by pathologists. May solve technical or instrument problems or assist wi
29-2012.00,Medical and Clinical Laboratory Technicians,Ahli Teknologi Laboratorium Medik (Jenjang Teknisi),ATLM D3; Medical Laboratory Technician,umum,O*NET memisahkan technologist (S1/D4) dan technician (D3); di Indonesia keduanya umum disebut ATLM dengan jenjang pendidikan berbeda.,Healthcare,3,R,"Perform routine medical laboratory tests for the diagnosis, treatment, and prevention of disease. May work under the supervision of a medical technologist."
29-2012.01,Histology Technicians,Teknisi Histologi,Histology Technician,terbatas,Bagian dari ATLM dengan peminatan histologi/patologi anatomi.,Healthcare,3,R,Prepare histological slides from tissue sections for microscopic examination and diagnosis by pathologists. May assist with research studies.
29-2031.00,Cardiovascular Technologists and Technicians,Teknisi Kardiovaskular,Perekam EKG; Cardiovascular Technician,terbatas,"Belum jadi profesi mandiri yang luas; fungsi sering dijalankan perawat, ATLM, atau radiografer terlatih.",Healthcare,3,R,"Conduct tests on pulmonary or cardiovascular systems of patients for diagnostic, therapeutic, or research purposes. May conduct or assist in electrocardiograms, cardiac catheterizations, pulmonary functions, lung capacity, and similar tests."
29-2032.00,Diagnostic Medical Sonographers,Sonografer,Diagnostic Medical Sonographer,terbatas,"USG di Indonesia umumnya dilakukan langsung oleh dokter (radiolog/obgyn), belum umum sebagai profesi sonografer mandiri seperti di AS.",Healthcare,3,R,Produce ultrasonic recordings of internal organs for use by physicians. Includes vascular technologists.
29-2033.00,Nuclear Medicine Technologists,Radiografer Kedokteran Nuklir,Nuclear Medicine Technologist,terbatas,"Peminatan niche dari profesi Radiografer, hanya di RS dengan fasilitas kedokteran nuklir.",Healthcare|Energi & Pertambangan,3,R,"Prepare, administer, and measure radioactive isotopes in therapeutic, diagnostic, and tracer studies using a variety of radioisotope equipment. Prepare stock solutions of radioactive materials and calculate doses to be administered by radiologists. Subject patients to radiation. Execute blood volume"
29-2034.00,Radiologic Technologists and Technicians,Radiografer,Radiologic Technologist,umum,Nomenklatur resmi Kemenkes untuk tenaga rontgen/pencitraan diagnostik.,Healthcare,3,R,Take x-rays and CAT scans or administer nonradioactive materials into patient's bloodstream for diagnostic or research purposes. Includes radiologic technologists and technicians who specialize in other scanning modalities.
29-2035.00,Magnetic Resonance Imaging Technologists,Radiografer MRI,MRI Technologist,terbatas,"Peminatan Radiografer di fasilitas dengan mesin MRI, hanya RS besar.",Healthcare,3,R,"Operate Magnetic Resonance Imaging (MRI) scanners. Monitor patient safety and comfort, and view images of area being scanned to ensure quality of pictures. May administer gadolinium contrast dosage intravenously. May interview patient, explain MRI procedures, and position patient on examining table."
29-2036.00,Medical Dosimetrists,Fisikawan Medik (Dosimetri Radioterapi),Medical Dosimetrist,terbatas,"Jumlah tenaga sangat sedikit, hanya di pusat radioterapi RS rujukan kanker.",Healthcare,4,I,"Generate radiation treatment plans, develop radiation dose calculations, communicate and supervise the treatment plan implementation, and consult with members of radiation oncology team."
29-2042.00,Emergency Medical Technicians,Petugas Gawat Darurat,EMT; Paramedis Ambulans,terbatas,Tidak ada jenjang EMT terpisah seperti di AS; fungsi dijalankan perawat atau paramedis ambulans dengan pelatihan gawat darurat.,Healthcare,3,S,Assess injuries and illnesses and administer basic emergency medical care. May transport injured or sick persons to medical facilities.
29-2043.00,Paramedics,Paramedis,Paramedic,terbatas,Istilah 'paramedis' di Indonesia sering dipakai lebih luas untuk tenaga kesehatan non-dokter; jenjang sertifikasi paramedik ambulans spesifik seperti di AS belum terstandardisasi luas.,Healthcare,3,S,"Administer basic or advanced emergency medical care and assess injuries and illnesses. May administer medication intravenously, use equipment such as EKGs, or administer advanced life support to sick or injured individuals."
29-2051.00,Dietetic Technicians,Teknisi Gizi,Tenaga Pelaksana Gizi; Dietetic Technician,terbatas,"Umumnya digabung dengan jenjang Ahli Gizi D3, belum jadi kategori terpisah yang luas.",Healthcare,3,S,"Assist in the provision of food service and nutritional programs, under the supervision of a dietitian. May plan and produce meals based on established guidelines, teach principles of food and nutrition, or counsel individuals."
29-2052.00,Pharmacy Technicians,Tenaga Teknis Kefarmasian,TTK; Pharmacy Technician,umum,TTK adalah nomenklatur resmi Kemenkes.,Healthcare,3,C,"Prepare medications under the direction of a pharmacist. May measure, mix, count out, label, and record amounts and dosages of medications according to prescription orders."
29-2053.00,Psychiatric Technicians,Teknisi Psikiatri,Psychiatric Technician,tidak_relevan,Tidak ada profesi terpisah ini di Indonesia; fungsi dijalankan oleh Perawat Jiwa.,Healthcare,3,S,"Care for individuals with mental or emotional conditions or disabilities, following the instructions of physicians or other health practitioners. Monitor patients' physical and emotional well-being and report to medical staff. May participate in rehabilitation and treatment programs, help with perso"
29-2055.00,Surgical Technologists,Instrumentator Bedah,Perawat Kamar Bedah; Surgical Technologist,terbatas,"Fungsi umumnya dijalankan perawat kamar bedah, belum jadi profesi mandiri bersertifikasi terpisah seperti CST di AS.",Healthcare,3,R,"Assist in operations, under the supervision of surgeons, registered nurses, or other surgical personnel. May help set up operating room, prepare and transport patients for surgery, adjust lights and equipment, pass instruments and other supplies to surgeons and surgeons' assistants, hold retractors,"
29-2056.00,Veterinary Technologists and Technicians,Paramedis Veteriner,Teknisi Veteriner; Veterinary Technician,umum,Lulusan D3 Kesehatan Hewan/Paramedik Veteriner banyak bekerja di klinik dan RS hewan.,Healthcare,3,R,"Perform medical tests in a laboratory environment for use in the treatment and diagnosis of diseases in animals. Prepare vaccines and serums for prevention of diseases. Prepare tissue samples, take blood samples, and execute laboratory tests, such as urinalysis and blood counts. Clean and sterilize "
29-2057.00,Ophthalmic Medical Technicians,Refraksionis Optisien (Asisten Oftalmologi),Ophthalmic Medical Technician,terbatas,Overlap dengan Refraksionis Optisien; fungsi asisten klinik mata belum jadi kategori sertifikasi terpisah.,Healthcare,3,R,"Assist ophthalmologists by performing ophthalmic clinical functions. May administer eye exams, administer eye medications, and instruct the patient in care and use of corrective lenses."
29-2061.00,Licensed Practical and Licensed Vocational Nurses,Perawat Vokasi (D3 Keperawatan),LPN; LVN,terbatas,Tidak ada jenjang lisensi terpisah seperti LPN/LVN di AS; pembedaan di Indonesia berdasarkan jenjang pendidikan (D3 vs Ners/S1) dalam satu profesi Perawat.,Healthcare,3,S,"Care for ill, injured, or convalescing patients or persons with disabilities in hospitals, nursing homes, clinics, private homes, group homes, and similar institutions. May work under the supervision of a registered nurse. Licensing required."
29-2072.00,Medical Records Specialists,Perekam Medis dan Informasi Kesehatan,PMIK; Medical Records Specialist,umum,PMIK adalah nomenklatur resmi Kemenkes.,Healthcare,3,C,"Compile, process, and maintain medical records of hospital and clinic patients in a manner consistent with medical, administrative, ethical, legal, and regulatory requirements of the healthcare system. Classify medical and healthcare concepts, including diagnosis, procedures, medical services, and e"
29-2081.00,"Opticians, Dispensing",Refraksionis Optisien,Optisien; Optician,umum,,Healthcare,3,C,"Design, measure, fit, and adapt lenses and frames for client according to written optical prescription or specification. Assist client with inserting, removing, and caring for contact lenses. Assist client with selecting frames. Measure customer for size of eyeglasses and coordinate frames with faci"
29-2091.00,Orthotists and Prosthetists,Ortotis Prostetis,OP; Orthotist Prosthetist,terbatas,Profesi resmi (lulusan Poltekkes) tapi jumlah tenaga masih sangat sedikit.,Healthcare,5,R,"Design, measure, fit, and adapt orthopedic braces, appliances or prostheses, such as limbs or facial parts for patients with disabling conditions."
29-2092.00,Hearing Aid Specialists,Spesialis Alat Bantu Dengar,Hearing Aid Specialist,terbatas,"Biasanya bagian dari layanan audiolog atau toko alat bantu dengar, belum jadi profesi berizin tersendiri.",Healthcare,3,S,"Select and fit hearing aids for customers. Administer and interpret tests of hearing. Assess hearing instrument efficacy. Take ear impressions and prepare, design, and modify ear molds."
29-2099.00,"Health Technologists and Technicians, All Other",Tenaga Teknis Kesehatan Lainnya,Other Health Technologists,umum,Kategori sisa (catch-all).,Healthcare,,,All health technologists and technicians not listed separately.
29-2099.01,Neurodiagnostic Technologists,Teknisi Neurodiagnostik,Teknisi EEG; Neurodiagnostic Technologist,terbatas,"Fungsi ini di Indonesia sering dijalankan perawat/ATLM/dokter terlatih, belum jadi profesi berdiri sendiri yang luas.",Healthcare,3,I,"Conduct electroneurodiagnostic (END) tests such as electroencephalograms, evoked potentials, polysomnograms, or electronystagmograms. May perform nerve conduction studies."
29-2099.05,Ophthalmic Medical Technologists,Teknolog Oftalmik,Refraksionis Optisien Lanjutan; Ophthalmic Medical Technologist,terbatas,"Jenjang lanjutan dari asisten klinik mata, overlap dengan Refraksionis Optisien.",Healthcare,3,R,"Assist ophthalmologists by performing ophthalmic clinical functions and ophthalmic photography. Provide instruction and supervision to other ophthalmic personnel. Assist with minor surgical procedures, applying aseptic techniques and preparing instruments. May perform eye exams, administer eye medic"
29-2099.08,Patient Representatives,Petugas Layanan Pasien,Customer Service RS; Patient Representative,umum,Umum ada di RS/klinik sebagai bagian humas atau layanan pelanggan.,Healthcare,3,S,"Assist patients in obtaining services, understanding policies and making health care decisions."
29-9021.00,Health Information Technologists and Medical Registrars,Analis Informasi Kesehatan,Perekam Medis dan Informasi Kesehatan; Health Information Technologist,terbatas,"Overlap dengan PMIK, tapi peran ini lebih ke analisis sistem/data kesehatan (health informatics), jumlah tenaga masih sedikit.",Healthcare,3,C,"Apply knowledge of healthcare and information systems to assist in the design, development, and continued modification and analysis of computerized healthcare systems. Abstract, collect, and analyze treatment and followup information of patients. May educate staff and assist in problem solving to pr"
29-9091.00,Athletic Trainers,Fisioterapis Olahraga,Athletic Trainer,terbatas,Belum ada profesi 'athletic trainer' bersertifikasi terpisah seperti di AS; fungsi dijalankan fisioterapis olahraga atau pelatih fisik.,Healthcare,5,S,"Evaluate and treat musculoskeletal injuries or illnesses. Provide preventive, therapeutic, emergency, and rehabilitative care."
29-9092.00,Genetic Counselors,Konselor Genetik,Genetic Counselor,terbatas,"Profesi baru berkembang di Indonesia, jumlah praktisi sangat sedikit dan hanya di sejumlah RS/lab genetika besar.",Healthcare,5,I,"Assess individual or family risk for a variety of inherited conditions, such as genetic disorders and birth defects. Provide information to other healthcare providers or to individuals and families concerned with the risk of inherited conditions. Advise individuals and families to support informed d"
29-9093.00,Surgical Assistants,Asisten Bedah,Surgical Assistant,terbatas,"Fungsi umumnya dijalankan perawat kamar bedah atau dokter residen, belum jadi profesi mandiri bersertifikasi terpisah.",Healthcare,3,R,"Assist in operations, under the supervision of surgeons. May, in accordance with state laws, help surgeons to make incisions and close surgical sites, manipulate or remove tissues, implant surgical devices or drains, suction the surgical site, place catheters, clamp or cauterize vessels or tissue, a"
29-9099.00,"Healthcare Practitioners and Technical Workers, All Other",Tenaga Kesehatan Lainnya,Other Healthcare Practitioners,umum,Kategori sisa (catch-all).,Healthcare,,,All healthcare practitioners and technical workers not listed separately.
29-9099.01,Midwives,Bidan,Midwife,umum,,Healthcare,5,S,Provide prenatal care and childbirth assistance.
31-1121.00,Home Health Aides,Caregiver Lansia/Homecare,Perawat Pendamping; Home Health Aide,umum,Istilah 'caregiver' dipakai luas untuk perawatan lansia/pasien di rumah.,Healthcare,2,S,"Monitor the health status of an individual with disabilities or illness, and address their health-related needs, such as changing bandages, dressing wounds, or administering medication. Work is performed under the direction of offsite or intermittent onsite licensed nursing staff. Provide assistance"
31-1122.00,Personal Care Aides,Caregiver Pendamping Pribadi,Personal Care Aide,umum,Overlap dengan Home Health Aide; keduanya umum disebut 'caregiver' di Indonesia meski O*NET memisahkannya berdasarkan tingkat perawatan medis.,Healthcare,2,S,"Provide personalized assistance to individuals with disabilities or illness who require help with personal care and activities of daily living support (e.g., feeding, bathing, dressing, grooming, toileting, and ambulation). May also provide help with tasks such as preparing meals, doing light housek"
31-1131.00,Nursing Assistants,Asisten Perawat,Pembantu Orang Sakit; POS; Nursing Assistant,umum,,Healthcare,3,S,"Provide or assist with basic care or support under the direction of onsite licensed nursing staff. Perform duties such as monitoring of health status, feeding, bathing, dressing, grooming, toileting, or ambulation of patients in a health or nursing facility. May include medication administration and"
31-1132.00,Orderlies,Pekarya Kesehatan,Portir Rumah Sakit; Orderly,terbatas,"perlu verifikasi istilah pasti - peran pengantar pasien/alat di RS, penamaan bervariasi antar rumah sakit.",Healthcare,2,R,"Transport patients to areas such as operating rooms or x-ray rooms using wheelchairs, stretchers, or moveable beds. May maintain stocks of supplies or clean and transport equipment. Psychiatric orderlies are included in Psychiatric Aides."
31-1133.00,Psychiatric Aides,Pekarya Kesehatan Jiwa,Perawat Pendamping RSJ; Psychiatric Aide,terbatas,"Peran pendamping di rumah sakit jiwa, belum jadi kategori pekerjaan yang berdiri sendiri secara luas.",Healthcare,2,S,"Assist mentally impaired or emotionally disturbed patients, working under direction of nursing and medical staff. May assist with daily living activities, lead patients in educational and recreational activities, or accompany patients to and from examinations and treatments. May restrain violent pat"
31-2011.00,Occupational Therapy Assistants,Asisten Terapis Okupasi,Occupational Therapy Assistant,tidak_relevan,Jenjang asisten terpisah tidak umum di Indonesia; terapis okupasi langsung dari lulusan D3/D4 Terapi Okupasi.,Healthcare,3,S,"Assist occupational therapists in providing occupational therapy treatments and procedures. May, in accordance with state laws, assist in development of treatment plans, carry out routine functions, direct activity programs, and document the progress of treatments. Generally requires formal training"
31-2012.00,Occupational Therapy Aides,Pekarya Terapi Okupasi,Occupational Therapy Aide,tidak_relevan,Tidak ada jenjang ini secara terpisah di Indonesia.,Healthcare,3,S,"Under close supervision of an occupational therapist or occupational therapy assistant, perform only delegated, selected, or routine tasks in specific situations. These duties include preparing patient and treatment room."
31-2021.00,Physical Therapist Assistants,Asisten Fisioterapis,Physical Therapist Assistant,terbatas,Fisioterapi di Indonesia umumnya satu jenjang profesi tanpa lisensi asisten terpisah; istilah ini kadang dipakai informal di klinik.,Healthcare,3,S,"Assist physical therapists in providing physical therapy treatments and procedures. May, in accordance with state laws, assist in the development of treatment plans, carry out routine functions, document the progress of treatment, and modify specific treatments in accordance with patient status and "
31-2022.00,Physical Therapist Aides,Pekarya Fisioterapi,Physical Therapist Aide,tidak_relevan,Tidak ada jenjang ini secara terpisah di Indonesia.,Healthcare,2,S,"Under close supervision of a physical therapist or physical therapy assistant, perform only delegated, selected, or routine tasks in specific situations. These duties include preparing the patient and the treatment area."
31-9011.00,Massage Therapists,Terapis Pijat,Tukang Pijat; Massage Therapist,umum,,Healthcare,3,S,"Perform therapeutic massages of soft tissues and joints. May assist in the assessment of range of motion and muscle strength, or propose client therapy plans."
31-9091.00,Dental Assistants,Asisten Dokter Gigi,Perawat Gigi; Dental Assistant,umum,,Healthcare,3,C,"Perform limited clinical duties under the direction of a dentist. Clinical duties may include equipment preparation and sterilization, preparing patients for treatment, assisting the dentist during treatment, and providing patients with instructions for oral healthcare procedures. May perform admini"
31-9092.00,Medical Assistants,Medical Assistant,Asisten Medis,tidak_relevan,Tidak ada profesi gabungan administratif-klinis seperti di AS; fungsinya di Indonesia terpecah antara staf admin RS dan perawat/bidan.,Healthcare,3,C,"Perform administrative and certain clinical duties under the direction of a physician. Administrative duties may include scheduling appointments, maintaining medical records, billing, and coding information for insurance purposes. Clinical duties may include taking and recording vital signs and medi"
31-9093.00,Medical Equipment Preparers,Petugas Sterilisasi Alat Medis,CSSD; Central Sterile Supply Department Staff,umum,Istilah CSSD umum dipakai di RS untuk unit sterilisasi peralatan medis.,Healthcare,2,R,"Prepare, sterilize, install, or clean laboratory or healthcare equipment. May perform routine laboratory tasks and operate or inspect equipment."
31-9094.00,Medical Transcriptionists,Transkripsionis Medis,Medical Transcriptionist,tidak_relevan,Profesi transkripsi medis terpisah tidak umum di Indonesia; dokumentasi rekam medis biasanya ditulis langsung oleh dokter atau staf rekam medis.,Healthcare,3,C,"Transcribe medical reports recorded by physicians and other healthcare practitioners using various electronic devices, covering office visits, emergency room visits, diagnostic imaging studies, operations, chart reviews, and final summaries. Transcribe dictated reports and translate abbreviations in"
31-9095.00,Pharmacy Aides,Asisten Apotek,Kasir Apotek; Pharmacy Aide,terbatas,Overlap dengan Tenaga Teknis Kefarmasian; level ini sering digabung dalam praktik apotek Indonesia.,Healthcare,2,C,"Record drugs delivered to the pharmacy, store incoming merchandise, and inform the supervisor of stock needs. May operate cash register and accept prescriptions for filling."
31-9096.00,Veterinary Assistants and Laboratory Animal Caretakers,Asisten Dokter Hewan,Perawat Hewan; Veterinary Assistant,terbatas,Ada di klinik/RS hewan tapi jumlah dan regulasinya belum seluas paramedis veteriner.,Healthcare,2,R,"Feed, water, and examine pets and other nonfarm animals for signs of illness, disease, or injury in laboratories and animal hospitals and clinics. Clean and disinfect cages and work areas, and sterilize laboratory and surgical equipment. May provide routine postoperative care, administer medication "
31-9097.00,Phlebotomists,Flebotomis,Petugas Pengambil Darah; Phlebotomist,terbatas,"Istilah mulai dipakai lewat pelatihan sertifikasi flebotomi, meski fungsi ini juga sering dilakukan ATLM/perawat.",Healthcare,3,R,"Draw blood for tests, transfusions, donations, or research. May explain the procedure to patients and assist in the recovery of patients with adverse reactions."
31-9099.00,"Healthcare Support Workers, All Other",Tenaga Penunjang Kesehatan Lainnya,Other Healthcare Support Workers,umum,Kategori sisa (catch-all).,Healthcare,,,All healthcare support workers not listed separately.
31-9099.01,Speech-Language Pathology Assistants,Asisten Terapis Wicara,Speech-Language Pathology Assistant,tidak_relevan,Jenjang asisten terpisah tidak umum di Indonesia; terapi wicara langsung dijalankan oleh Terapis Wicara berlisensi.,Healthcare,3,S,"Assist speech-language pathologists in the assessment and treatment of speech, language, voice, and fluency disorders. Implement speech and language programs or activities as planned and directed by speech-language pathologists. Monitor the use of alternative communication devices and systems."
31-9099.02,Endoscopy Technicians,Teknisi Endoskopi,Endoscopy Technician,terbatas,"Fungsi ini umumnya dijalankan oleh perawat kamar endoskopi, belum jadi profesi berdiri sendiri yang luas.",Healthcare,2,R,Maintain a sterile field to provide support for physicians and nurses during endoscopy procedures. Prepare and maintain instruments and equipment. May obtain specimens.
39-3012.00,Gambling and Sports Book Writers and Runners,Petugas Taruhan / Bandar Judi,Sports Book Writer,tidak_relevan,Perjudian ilegal di Indonesia; tidak ada profesi resmi/legal untuk peran ini.,Kreatif & Media Digital,2,C,"Post information enabling patrons to wager on various races and sporting events. Assist in the operation of games such as keno and bingo. May operate random number-generating equipment and announce the numbers for patrons. Receive, verify, and record patrons' wagers. Scan and process winning tickets"
39-5091.00,"Makeup Artists, Theatrical and Performance",Makeup Artist (MUA) Panggung/Film,Penata Rias;MUA,umum,,Kreatif & Media Digital,3,A,"Apply makeup to performers to reflect period, setting, and situation of their role."
41-1011.00,First-Line Supervisors of Retail Sales Workers,Kepala Toko,Supervisor Retail;Store Supervisor,umum,,E-commerce & Perdagangan,2,E,"Directly supervise and coordinate activities of retail sales workers in an establishment or department. Duties may include management functions, such as purchasing, budgeting, accounting, and personnel work, in addition to supervisory duties."
41-1012.00,First-Line Supervisors of Non-Retail Sales Workers,Sales Supervisor,Supervisor Penjualan,umum,,E-commerce & Perdagangan,4,E,"Directly supervise and coordinate activities of sales workers other than retail sales workers. May perform duties such as budgeting, accounting, and personnel work, in addition to supervisory duties."
41-2011.00,Cashiers,Kasir,,umum,,E-commerce & Perdagangan,2,C,"Receive and disburse money in establishments other than financial institutions. May use electronic scanners, cash registers, or related equipment. May process credit or debit card transactions and validate checks."
41-2012.00,Gambling Change Persons and Booth Cashiers,-,Kasir Judi,tidak_relevan,Perjudian ilegal di Indonesia sehingga profesi ini praktis tidak ada,E-commerce & Perdagangan,2,C,"Exchange coins, tokens, and chips for patrons' money. May issue payoffs and obtain customer's signature on receipt. May operate a booth in the slot machine area and furnish change persons with money bank at the start of the shift, or count and audit money in drawers."
41-2021.00,Counter and Rental Clerks,Staff Rental,Petugas Loket Penyewaan;Counter Clerk,terbatas,"Ada terutama di rental kendaraan/alat, tapi tidak seumum peran ritel lain",E-commerce & Perdagangan,2,C,"Receive orders, generally in person, for repairs, rentals, and services. May describe available options, compute cost, and accept payment."
41-2022.00,Parts Salespersons,Sales Spare Part,Sales Suku Cadang,umum,"Umum di ritel otomotif/bengkel, bukan spesifik e-commerce",E-commerce & Perdagangan,2,R,Sell spare and replacement parts and equipment in repair shop or parts store.
41-2031.00,Retail Salespersons,Pramuniaga,Retail Sales Associate;Sales Toko,umum,,E-commerce & Perdagangan,2,E,"Sell merchandise, such as furniture, motor vehicles, appliances, or apparel to consumers."
41-3011.00,Advertising Sales Agents,Sales Iklan,Account Executive Media;Ad Sales,umum,,E-commerce & Perdagangan|Kreatif & Media Digital,4,E,"Sell or solicit advertising space, time, or media in publications, signage, TV, radio, or Internet establishments or public spaces."
41-3021.00,Insurance Sales Agents,Agen Asuransi,Insurance Sales Agent,umum,,E-commerce & Perdagangan,4,E,"Sell life, property, casualty, health, automotive, or other types of insurance. May refer clients to independent brokers, work as an independent broker, or be employed by an insurance company."
41-3031.00,"Securities, Commodities, and Financial Services Sales Agents",Sales Sekuritas / Marketing Investasi,Financial Services Sales Agent,terbatas,perlu verifikasi apakah selalu mensyaratkan lisensi khusus (mis. WPPE) di tiap peran; tebakan terbaik: tenaga pemasaran produk investasi/sekuritas.,Perbankan & Fintech|E-commerce & Perdagangan,4,E,"Buy and sell securities or commodities in investment and trading firms, or provide financial services to businesses and individuals. May advise customers about stocks, bonds, mutual funds, commodities, and market conditions."
41-3041.00,Travel Agents,Staff Travel Agent,Konsultan Perjalanan;Biro Perjalanan Wisata,umum,,E-commerce & Perdagangan,3,E,"Plan and sell transportation and accommodations for customers. Determine destination, modes of transportation, travel dates, costs, and accommodations required. May also describe, plan, and arrange itineraries and sell tour packages. May assist in resolving clients' travel problems."
41-3091.00,"Sales Representatives of Services, Except Advertising, Insurance, Financial Services, and Travel",Sales Perwakilan Jasa (Umum),,tidak_relevan,Definisi O*NET justru mengecualikan jasa keuangan; tidak spesifik ke perbankan/fintech.,E-commerce & Perdagangan,2,E,Sell services to individuals or businesses. May describe options or resolve client problems.
41-4011.00,"Sales Representatives, Wholesale and Manufacturing, Technical and Scientific Products",Technical Sales Representative,Sales Engineer;Sales Teknikal,terbatas,"Niche, biasanya untuk alat lab/medis/industri, bukan pola umum e-commerce",E-commerce & Perdagangan,4,E,"Sell goods for wholesalers or manufacturers where technical or scientific knowledge is required in such areas as biology, engineering, chemistry, and electronics, normally obtained from at least 2 years of postsecondary education."
41-4011.07,Solar Sales Representatives and Assessors,Sales Solar Panel,Sales PLTS;Solar Consultant,terbatas,"Pasar masih berkembang di Indonesia, belum sebesar di AS",E-commerce & Perdagangan|Energi & Pertambangan,3,E,"Contact new or existing customers to determine their solar equipment needs, suggest systems or equipment, or estimate costs."
41-4012.00,"Sales Representatives, Wholesale and Manufacturing, Except Technical and Scientific Products",Sales Representative,Sales Grosir;Sales Distributor,umum,,E-commerce & Perdagangan,4,E,Sell goods for wholesalers or manufacturers to businesses or groups of individuals. Work requires substantial knowledge of items sold.
41-9011.00,Demonstrators and Product Promoters,SPG/SPB,Sales Promotion Girl/Boy;Product Demonstrator,umum,,E-commerce & Perdagangan,2,E,Demonstrate merchandise and answer questions for the purpose of creating public interest in buying the product. May sell demonstrated merchandise.
41-9012.00,Models,Model,Model Fashion;Talent,terbatas,Relevan untuk industri fashion e-commerce (katalog/live shopping) tapi bukan peran inti e-commerce,E-commerce & Perdagangan,2,A,"Model garments or other apparel and accessories for prospective buyers at fashion shows, private showings, or retail establishments. May pose for photos to be used in magazines or advertisements. May pose as subject for paintings, sculptures, and other types of artistic expression."
41-9021.00,Real Estate Brokers,Broker Properti,Agen Properti Senior,umum,,E-commerce & Perdagangan,4,E,"Operate real estate office, or work for commercial real estate firm, overseeing real estate transactions. Other duties usually include selling real estate or renting properties and arranging loans."
41-9022.00,Real Estate Sales Agents,Agen Properti,Real Estate Agent,umum,,E-commerce & Perdagangan,3,E,"Rent, buy, or sell property for clients. Perform duties such as study property listings, interview prospective clients, accompany clients to property site, discuss conditions of sale, and draw up real estate contracts. Includes agents who represent buyer."
41-9031.00,Sales Engineers,Sales Engineer,,umum,,E-commerce & Perdagangan,4,E,"Sell business goods or services, the selling of which requires a technical background equivalent to a baccalaureate degree in engineering."
41-9041.00,Telemarketers,Telemarketing,Staff Telemarketing,umum,,E-commerce & Perdagangan,2,E,Solicit donations or orders for goods or services over the telephone.
41-9091.00,"Door-to-Door Sales Workers, News and Street Vendors, and Related Workers",Sales Door-to-Door,Pedagang Asongan;Sales Kanvas Langsung,terbatas,Campuran konsep AS (street vendor) dan direct selling Indonesia; padanan tidak 1:1,E-commerce & Perdagangan,2,E,Sell goods or services door-to-door or on the street.
41-9099.00,"Sales and Related Workers, All Other",Tenaga Penjualan Lainnya,Sales Umum,umum,"Kategori catch-all O*NET, tidak merujuk satu peran spesifik",E-commerce & Perdagangan,,,All sales and related workers not listed separately.
43-3071.00,Tellers,Teller,,umum,,Perbankan & Fintech,2,C,Receive and pay out money. Keep records of money and negotiable instruments involved in a financial institution's various transactions.
43-3099.00,"Financial Clerks, All Other",Staf Administrasi Keuangan (Lainnya),,terbatas,Kategori catch-all O*NET tanpa deskripsi spesifik.,Perbankan & Fintech,,,All financial clerks not listed separately.
43-4041.00,"Credit Authorizers, Checkers, and Clerks",Verifikator Kredit,Credit Checker;Staf Otorisasi Kredit,umum,,Perbankan & Fintech,2,C,"Authorize credit charges against customers' accounts. Investigate history and credit standing of individuals or business establishments applying for credit. May interview applicants to obtain personal and financial data, determine credit worthiness, process applications, and notify customers of acce"
43-4051.00,Customer Service Representatives,Customer Service,CS;Customer Service Representative,umum,,E-commerce & Perdagangan,2,C,"Interact with customers to provide basic or scripted information in response to routine inquiries about products and services. May handle and resolve general complaints. Excludes individuals whose duties are primarily installation, sales, repair, and technical support."
43-4131.00,Loan Interviewers and Clerks,Admin Kredit / Staf Wawancara Pinjaman,Loan Processor,umum,,Perbankan & Fintech,3,C,"Interview loan applicants to elicit information; investigate applicants' backgrounds and verify references; prepare loan request papers; and forward findings, reports, and documents to appraisal department. Review loan papers to ensure completeness, and complete transactions between loan establishme"
43-4151.00,Order Clerks,Admin Order,Staff Pemrosesan Pesanan;Order Processing,umum,,E-commerce & Perdagangan,2,C,"Receive and process incoming orders for materials, merchandise, classified ads, or services such as repairs, installations, or rental of facilities. Generally receives orders via mail, phone, fax, or other electronic means. Duties include informing customers of receipt, prices, shipping dates, and d"
43-5011.00,Cargo and Freight Agents,Staff Cargo,Petugas Ekspedisi;Cargo Agent,umum,,E-commerce & Perdagangan,2,C,"Expedite and route movement of incoming and outgoing cargo and freight shipments in airline, train, and trucking terminals and shipping docks. Take orders from customers and arrange pickup of freight and cargo for delivery to loading platform. Prepare and examine bills of lading to determine shippin"
43-5011.01,Freight Forwarders,Staff Freight Forwarding,Freight Forwarder,umum,,E-commerce & Perdagangan,2,C,"Research rates, routings, or modes of transport for shipment of products. Maintain awareness of regulations affecting the international movement of cargo. Make arrangements for additional services, such as storage or inland transportation."
43-5021.00,Couriers and Messengers,Kurir,Messenger;Office Boy Pengantar,umum,,E-commerce & Perdagangan,2,C,"Pick up and deliver messages, documents, packages, and other items between offices or departments within an establishment or directly to other business concerns, traveling by foot, bicycle, motorcycle, automobile, or public conveyance."
43-5032.00,"Dispatchers, Except Police, Fire, and Ambulance",Dispatcher,Staff Pengatur Armada;Koordinator Armada,terbatas,Ada di perusahaan logistik/transportasi tapi jarang jadi titel berdiri sendiri,E-commerce & Perdagangan,2,C,"Schedule and dispatch workers, work crews, equipment, or service vehicles for conveyance of materials, freight, or passengers, or for normal installation, service, or emergency repairs rendered outside the place of business. Duties may include using radio, telephone, or computer to transmit assignme"
43-5041.00,"Meter Readers, Utilities",Petugas Pencatat Meter,Meter Reader;Petugas Cater (PLN/PDAM),terbatas,Nyata ada (PLN/PDAM) tapi bukan bagian e-commerce dan kian tergantikan meter digital,E-commerce & Perdagangan,2,C,"Read meter and record consumption of electricity, gas, water, or steam."
43-5051.00,Postal Service Clerks,Staff Loket Pos,Petugas Pos Indonesia,terbatas,"Spesifik ke PT Pos Indonesia (BUMN), tidak lazim di perusahaan swasta lain",E-commerce & Perdagangan,2,C,"Perform any combination of tasks in a United States Postal Service (USPS) post office, such as receive letters and parcels; sell postage and revenue stamps, postal cards, and stamped envelopes; fill out and sell money orders; place mail in pigeon holes of mail rack or in bags; and examine mail for c"
43-5052.00,Postal Service Mail Carriers,Tukang Pos,Kurir Pos;Pak Pos,terbatas,Spesifik PT Pos Indonesia; untuk swasta istilahnya menyatu dengan Kurir umum,E-commerce & Perdagangan,2,C,Sort and deliver mail for the United States Postal Service (USPS). Deliver mail on established route by vehicle or on foot. Includes postal service mail carriers employed by USPS contractors.
43-5053.00,"Postal Service Mail Sorters, Processors, and Processing Machine Operators",Staff Sortir Pos,Operator Sortir Surat/Paket,terbatas,Spesifik PT Pos Indonesia; di ekspedisi swasta melebur ke Staff Gudang/Sortir,E-commerce & Perdagangan,2,C,"Prepare incoming and outgoing mail for distribution for the United States Postal Service (USPS). Examine, sort, and route mail. Load, operate, and occasionally adjust and repair mail processing, sorting, and canceling machinery. Keep records of shipments, pouches, and sacks, and perform other duties"
43-5061.00,"Production, Planning, and Expediting Clerks",Staff PPIC,PPIC (Production Planning and Inventory Control);Admin Produksi,umum,,E-commerce & Perdagangan,2,C,"Coordinate and expedite the flow of work and materials within or between departments of an establishment according to production schedule. Duties include reviewing and distributing production, work, and shipment schedules; conferring with department supervisors to determine progress of work and comp"
43-5071.00,"Shipping, Receiving, and Inventory Clerks",Staff Gudang,Admin Logistik;Staff Inbound/Outbound,umum,,E-commerce & Perdagangan,2,C,Verify and maintain records on incoming and outgoing shipments involving inventory. Duties include verifying and recording incoming merchandise or material and arranging for the transportation of products. May prepare items for shipment.
43-5111.00,"Weighers, Measurers, Checkers, and Samplers, Recordkeeping",Checker Gudang,Staff Timbang;Quality Checker Gudang,terbatas,"Perlu verifikasi; biasanya melebur ke tugas Staff Gudang, jarang jadi titel terpisah",E-commerce & Perdagangan,2,C,"Weigh, measure, and check materials, supplies, and equipment for the purpose of keeping relevant records. Duties are primarily clerical by nature. Includes workers who collect and keep record of samples of products or materials."
47-1011.03,Solar Energy Installation Managers,Manajer Instalasi PLTS,Solar Energy Installation Manager,terbatas,"peran manajerial khusus ini masih belum umum sebagai jabatan berdiri sendiri, meski instalasi PLTS berkembang cepat",Energi & Pertambangan,3,R,Direct work crews installing residential or commercial solar photovoltaic or thermal systems.
47-2152.04,Solar Thermal Installers and Technicians,Teknisi Instalasi Pemanas Air Tenaga Surya,Solar Thermal Installer;Solar Thermal Technician,terbatas,pasar solar thermal (water heater) jauh lebih kecil dibanding solar PV di Indonesia,Energi & Pertambangan,3,R,"Install or repair solar energy systems designed to collect, store, and circulate solar-heated water for residential, commercial or industrial use."
47-2231.00,Solar Photovoltaic Installers,Instalator Panel Surya (PLTS),Solar PV Installer;Teknisi Panel Surya,umum,,Energi & Pertambangan,2,R,"Assemble, install, or maintain solar photovoltaic (PV) systems on roofs or other structures in compliance with site assessment and schematics. May include measuring, cutting, assembling, and bolting structural framing and solar modules. May perform minor electrical work such as current checks."
47-4011.01,Energy Auditors,Auditor Energi,Energy Auditor,umum,,Energi & Pertambangan,3,C,"Conduct energy audits of buildings, building systems, or process systems. May also conduct investment grade audits of buildings or systems."
47-5011.00,"Derrick Operators, Oil and Gas",Derrickman,Derrick Operator,umum,,Energi & Pertambangan,2,R,Rig derrick equipment and operate pumps to circulate mud or fluid through drill hole.
47-5012.00,"Rotary Drill Operators, Oil and Gas",Rotary Driller,Rotary Drill Operator;Operator Rig Pemboran,umum,,Energi & Pertambangan,2,R,"Set up or operate a variety of drills to remove underground oil and gas, or remove core samples for testing during oil and gas exploration."
47-5013.00,"Service Unit Operators, Oil and Gas",Operator Unit Workover/Well Service,Service Unit Operator;Fishing Tool Technician,umum,,Energi & Pertambangan,2,R,"Operate equipment to increase oil flow from producing wells or to remove stuck pipe, casing, tools, or other obstructions from drilling wells. Includes fishing-tool technicians."
47-5022.00,"Excavating and Loading Machine and Dragline Operators, Surface Mining",Operator Alat Berat Tambang Terbuka (Excavator/Dragline),Excavator Operator;Dragline Operator,umum,,Energi & Pertambangan,2,R,"Operate or tend machinery at surface mining site, equipped with scoops, shovels, or buckets to excavate and load loose materials."
47-5023.00,"Earth Drillers, Except Oil and Gas",Operator Bor Eksplorasi (Non-Migas),Earth Driller;Operator Bor Geoteknik,umum,,Energi & Pertambangan,2,R,"Operate a variety of drills such as rotary, churn, and pneumatic to tap subsurface water and salt deposits, to remove core samples during mineral exploration or soil testing, and to facilitate the use of explosives in mining or construction. Includes horizontal and earth boring machine operators."
47-5032.00,"Explosives Workers, Ordnance Handling Experts, and Blasters",Juru Ledak (Blaster),Blaster;Explosives Handler,umum,,Energi & Pertambangan,2,R,"Place and detonate explosives to demolish structures or to loosen, remove, or displace earth, rock, or other materials. May perform specialized handling, storage, and accounting procedures."
47-5041.00,Continuous Mining Machine Operators,Operator Continuous Miner,Continuous Mining Machine Operator,terbatas,"tambang batu bara bawah tanah masih sedikit di Indonesia, mayoritas tambang terbuka",Energi & Pertambangan,2,R,"Operate self-propelled mining machines that rip coal, metal and nonmetal ores, rock, stone, or sand from the mine face and load it onto conveyors, shuttle cars, or trucks in a continuous operation."
47-5043.00,"Roof Bolters, Mining",Operator Roof Bolter (Penyangga Atap Tambang),Roof Bolter,terbatas,"relevan untuk tambang bawah tanah (mis. Freeport), tapi minoritas dibanding tambang terbuka",Energi & Pertambangan,2,R,Operate machinery to install roof support bolts in underground mine.
47-5044.00,"Loading and Moving Machine Operators, Underground Mining",Operator Alat Muat Tambang Bawah Tanah,Underground Mining Loader Operator;LHD Operator,terbatas,"signifikan di tambang bawah tanah skala besar seperti Freeport (Grasberg), tapi niche secara nasional",Energi & Pertambangan,2,R,"Operate underground loading or moving machine to load or move coal, ore, or rock using shuttle or mine car or conveyors. Equipment may include power shovels, hoisting engines equipped with cable-drawn scraper or scoop, or machines equipped with gathering arms and conveyor."
47-5049.00,"Underground Mining Machine Operators, All Other",Operator Mesin Tambang Bawah Tanah Lainnya,Underground Mining Machine Operator,terbatas,kategori catch-all; tambang bawah tanah minoritas di Indonesia,Energi & Pertambangan,,,All underground mining machine operators not listed separately.
47-5051.00,"Rock Splitters, Quarry",Pekerja Pemecah Batu (Quarry),Rock Splitter;Quarry Worker,umum,,Energi & Pertambangan,2,R,"Separate blocks of rough dimension stone from quarry mass using jackhammers, wedges, or chop saws."
47-5071.00,"Roustabouts, Oil and Gas",Roustabout,Pekerja Lapangan Migas,umum,,Energi & Pertambangan,2,R,Assemble or repair oil field equipment using hand and power tools. Perform other tasks as needed.
47-5081.00,Helpers--Extraction Workers,Helper Pekerja Tambang/Migas,Extraction Helper,umum,,Energi & Pertambangan,2,R,"Help extraction craft workers, such as earth drillers, blasters and explosives workers, derrick operators, and mining machine operators, by performing duties requiring less skill. Duties include supplying equipment or cleaning work area."
47-5099.00,"Extraction Workers, All Other",Pekerja Ekstraksi Lainnya,Extraction Worker,umum,kategori catch-all,Energi & Pertambangan,,,All extraction workers not listed separately.
49-2011.00,"Computer, Automated Teller, and Office Machine Repairers",Teknisi ATM & Mesin Kantor,ATM Technician,umum,,Perbankan & Fintech,3,R,"Repair, maintain, or install computers, word processing systems, automated teller machines, and electronic office machines, such as duplicating and fax machines."
49-2097.00,Audiovisual Equipment Installers and Repairers,Teknisi Instalasi & Servis Peralatan Audio Visual,AV Installer;Teknisi Home Theater,umum,,Kreatif & Media Digital,3,R,"Install, repair, or adjust audio or television receivers, stereo systems, camcorders, video systems, or other electronic entertainment equipment in homes or other venues. May perform routine maintenance."
49-3011.00,Aircraft Mechanics and Service Technicians,Teknisi Perawatan Pesawat (Aircraft Maintenance Technician/AMT),AMT;Mekanik Pesawat;Teknisi Airframe Powerplant,terbatas,"Terikat industri MRO penerbangan (GMF AeroAsia, dll), butuh lisensi otoritas penerbangan",Manufaktur & Otomotif,3,R,"Diagnose, adjust, repair, or overhaul aircraft engines and assemblies, such as hydraulic and pneumatic systems."
49-3021.00,Automotive Body and Related Repairers,Teknisi Body Repair / Ketok Magic,Body Repair Technician;Panel Beater;Tukang Ketok Mobil,umum,,Manufaktur & Otomotif,2,R,Repair and refinish automotive vehicle bodies and straighten vehicle frames.
49-3022.00,Automotive Glass Installers and Repairers,Teknisi Kaca Mobil,Auto Glass Technician;Pemasang Kaca Mobil,terbatas,"Niche di bengkel spesialis kaca mobil, belum jadi kategori umum di iklan lowongan",Manufaktur & Otomotif,2,R,Replace or repair broken windshields and window glass in motor vehicles.
49-3023.00,Automotive Service Technicians and Mechanics,Mekanik Mobil / Teknisi Servis Mobil,Automotive Technician;Mekanik Bengkel,umum,,Manufaktur & Otomotif,3,R,"Diagnose, adjust, repair, or overhaul automotive vehicles."
49-3031.00,Bus and Truck Mechanics and Diesel Engine Specialists,Mekanik Diesel (Bus & Truk),Diesel Mechanic;Mekanik Kendaraan Berat,umum,,Manufaktur & Otomotif,3,R,"Diagnose, adjust, repair, or overhaul buses and trucks, or maintain and repair any type of diesel engines. Includes mechanics working primarily with automobile or marine diesel engines."
49-3041.00,Farm Equipment Mechanics and Service Technicians,Mekanik Alat Pertanian,Agricultural Equipment Mechanic;Mekanik Traktor,terbatas,"Niche, terkonsentrasi di daerah dengan mekanisasi pertanian dan dealer alat pertanian",Manufaktur & Otomotif,3,R,"Diagnose, adjust, repair, or overhaul farm machinery and vehicles, such as tractors, harvesters, dairy equipment, and irrigation systems."
49-3042.00,"Mobile Heavy Equipment Mechanics, Except Engines",Mekanik Alat Berat,Heavy Equipment Mechanic;Mekanik Hidrolik Alat Berat,umum,"Sangat umum di sektor tambang, konstruksi, dan perkebunan",Manufaktur & Otomotif,3,R,"Diagnose, adjust, repair, or overhaul mobile mechanical, hydraulic, and pneumatic equipment, such as cranes, bulldozers, graders, and conveyors, used in construction, logging, and mining."
49-3043.00,Rail Car Repairers,Teknisi Perawatan Gerbong Kereta Api,Rail Car Repairer;Teknisi Sarana Perkeretaapian,terbatas,Terbatas pada KAI dan INKA (produsen kereta),Manufaktur & Otomotif,2,R,"Diagnose, adjust, repair, or overhaul railroad rolling stock, mine cars, or mass transit rail cars."
49-3051.00,Motorboat Mechanics and Service Technicians,Mekanik Mesin Kapal / Motor Tempel,Marine Mechanic;Teknisi Mesin Perahu,terbatas,,Manufaktur & Otomotif,3,R,Repair and adjust electrical and mechanical equipment of inboard or inboard-outboard boat engines.
49-3052.00,Motorcycle Mechanics,Mekanik Motor,Motorcycle Mechanic;Teknisi Sepeda Motor,umum,,Manufaktur & Otomotif,3,R,"Diagnose, adjust, repair, or overhaul motorcycles, scooters, mopeds, dirt bikes, or similar motorized vehicles."
49-3053.00,Outdoor Power Equipment and Other Small Engine Mechanics,"Mekanik Mesin Kecil (Mesin Potong Rumput, Gergaji Mesin)",Small Engine Mechanic,terbatas,,Manufaktur & Otomotif,2,R,"Diagnose, adjust, repair, or overhaul small engines used to power lawn mowers, chain saws, recreational sporting equipment, and related equipment."
49-3091.00,Bicycle Repairers,Tukang Servis Sepeda,Bicycle Mechanic;Mekanik Sepeda,umum,"Banyak bersifat informal/UMKM (bengkel sepeda pinggir jalan), bukan hanya sektor formal",Manufaktur & Otomotif,2,R,Repair and service bicycles.
49-3092.00,Recreational Vehicle Service Technicians,Teknisi Perawatan Karavan/RV,RV Technician;Teknisi Campervan,tidak_relevan,"Industri RV/karavan belum berkembang di Indonesia, pasar campervan masih sangat kecil dan niche",Manufaktur & Otomotif,2,R,"Diagnose, inspect, adjust, repair, or overhaul recreational vehicles including travel trailers. May specialize in maintaining gas, electrical, hydraulic, plumbing, or chassis/towing systems as well as repairing generators, appliances, and interior components. Includes workers who perform customized "
49-3093.00,Tire Repairers and Changers,Tukang Tambal Ban,Tire Technician;Teknisi Ban,umum,,Manufaktur & Otomotif,2,R,Repair and replace tires.
49-9044.00,Millwrights,Teknisi Instalasi & Pemeliharaan Mesin (Millwright),Millwright;Teknisi Mekanik Pabrik,terbatas,Istilah 'millwright' tidak lazim dipakai sendiri di Indonesia; tugasnya biasa melebur ke peran 'teknisi maintenance/mekanik'. Perlu verifikasi,Manufaktur & Otomotif,2,R,"Install, dismantle, or move machinery and heavy equipment according to layout plans, blueprints, or other drawings."
49-9061.00,Camera and Photographic Equipment Repairers,Teknisi Servis Kamera,Camera Repair Technician,terbatas,"Niche, biasanya digabung dengan servis elektronik umum, jarang jadi spesialisasi berdiri sendiri.",Kreatif & Media Digital,3,R,"Repair and adjust cameras and photographic equipment, including commercial video and motion picture camera equipment."
49-9081.00,Wind Turbine Service Technicians,Teknisi Servis Turbin Angin,Wind Turbine Service Technician,terbatas,"jumlah PLTB di Indonesia masih sedikit (mis. Sidrap, Jeneponto)",Energi & Pertambangan,3,R,"Inspect, diagnose, adjust, or repair wind turbines. Perform maintenance on wind turbine equipment including resolving electrical, mechanical, and hydraulic malfunctions."
51-1011.00,First-Line Supervisors of Production and Operating Workers,Supervisor Produksi / Foreman,Production Supervisor;Kepala Regu;Kepala Shift,umum,,Manufaktur & Otomotif,3,E,"Directly supervise and coordinate the activities of production and operating workers, such as inspectors, precision workers, machine setters and operators, assemblers, fabricators, and plant and system operators. Excludes team or work leaders."
51-2011.00,"Aircraft Structure, Surfaces, Rigging, and Systems Assemblers",Teknisi Perakitan Struktur Pesawat,Aircraft Assembler;Aircraft Structure Assembler,terbatas,Hanya ada di industri dirgantara (PT Dirgantara Indonesia/PTDI),Manufaktur & Otomotif,2,R,"Assemble, fit, fasten, and install parts of airplanes, space vehicles, or missiles, such as tails, wings, fuselage, bulkheads, stabilizers, landing gear, rigging and control equipment, or heating and ventilating systems."
51-2021.00,"Coil Winders, Tapers, and Finishers",Operator Gulung Kumparan (Coil Winding),Coil Winder;Operator Winding Motor/Trafo,terbatas,"Ada di pabrik motor listrik dan transformator, cukup niche",Manufaktur & Otomotif,2,R,"Wind wire coils used in electrical components, such as resistors and transformers, and in electrical equipment and instruments, such as field cores, bobbins, armature cores, electrical motors, generators, and control equipment."
51-2022.00,Electrical and Electronic Equipment Assemblers,Operator Perakitan Elektronik,Electronics Assembler;Operator Assembly Line Elektronik,umum,"Sangat umum di kawasan industri elektronik (Batam, Cikarang, Karawang)",Manufaktur & Otomotif,2,R,"Assemble or modify electrical or electronic equipment, such as computers, test equipment telemetering systems, electric motors, and batteries."
51-2023.00,Electromechanical Equipment Assemblers,Operator Perakitan Elektromekanik,Electromechanical Assembler,terbatas,,Manufaktur & Otomotif,2,R,"Assemble or modify electromechanical equipment or devices, such as servomechanisms, gyros, dynamometers, magnetic drums, tape drives, brakes, control linkage, actuators, and appliances."
51-2031.00,Engine and Other Machine Assemblers,Operator Perakitan Mesin/Engine,Engine Assembler;Operator Assembly Engine,umum,Umum di pabrik perakitan otomotif (mesin kendaraan),Manufaktur & Otomotif,2,R,"Construct, assemble, or rebuild machines, such as engines, turbines, and similar equipment used in such industries as construction, extraction, textiles, and paper manufacturing."
51-2041.00,Structural Metal Fabricators and Fitters,Fitter / Tukang Fabrikasi Logam,Metal Fabricator;Fitter Konstruksi Baja,umum,,Manufaktur & Otomotif,2,R,"Fabricate, position, align, and fit parts of structural metal products."
51-2051.00,Fiberglass Laminators and Fabricators,Operator Laminasi Fiberglass,Fiberglass Laminator,terbatas,"Ada di industri kapal fiberglass dan bodi kendaraan custom, cukup niche",Manufaktur & Otomotif,2,R,"Laminate layers of fiberglass on molds to form boat decks and hulls, bodies for golf carts, automobiles, or other products."
51-2061.00,Timing Device Assemblers and Adjusters,Operator Perakitan Jam/Timing Device,Timing Device Assembler,tidak_relevan,Industri pembuatan jam presisi/timing device praktis tidak ada sebagai sektor manufaktur di Indonesia,Manufaktur & Otomotif,2,R,"Perform precision assembling or adjusting, within narrow tolerances, of timing devices such as digital clocks or timing devices with electrical or electronic components."
51-2092.00,Team Assemblers,Operator Perakitan (Team Assembler),Operator Produksi;Team Assembler,umum,"Peran generik operator lini produksi, sangat umum di semua pabrik manufaktur",Manufaktur & Otomotif,2,R,"Work as part of a team having responsibility for assembling an entire product or component of a product. Team assemblers can perform all tasks conducted by the team in the assembly process and rotate through all or most of them, rather than being assigned to a specific task on a permanent basis. May"
51-2099.00,"Assemblers and Fabricators, All Other",Operator Perakitan dan Fabrikasi Lainnya,Operator Produksi Umum,umum,Kategori catch-all O*NET,Manufaktur & Otomotif,,,All assemblers and fabricators not listed separately.
51-3011.00,Bakers,Pembuat Roti / Baker,Tukang Roti,umum,,FMCG|Manufaktur & Otomotif,2,R,"Mix and bake ingredients to produce breads, rolls, cookies, cakes, pies, pastries, or other baked goods."
51-3021.00,Butchers and Meat Cutters,Tukang Potong Daging / Butcher,Meat Cutter,terbatas,Lebih umum di ritel/supermarket dan rumah potong hewan daripada pabrik FMCG olahan.,FMCG|Manufaktur & Otomotif,2,R,"Cut, trim, or prepare consumer-sized portions of meat for use or sale in retail establishments."
51-3022.00,"Meat, Poultry, and Fish Cutters and Trimmers",Operator Pemotongan Daging/Unggas/Ikan,Meat Cutter;Trimmer,terbatas,"Relevan di pabrik pengolahan daging/unggas/ikan, tapi bukan istilah pasar umum lintas FMCG.",FMCG|Manufaktur & Otomotif,2,R,"Use hands or hand tools to perform routine cutting and trimming of meat, poultry, and seafood."
51-3023.00,Slaughterers and Meat Packers,Operator RPH / Pemotong dan Pengemas Daging,Slaughterhouse Worker,terbatas,perlu verifikasi; di lapangan biasanya dipecah jadi peran pemotongan dan peran packing yang terpisah.,FMCG|Manufaktur & Otomotif,2,R,"Perform nonroutine or precision functions involving the preparation of large portions of meat. Work may include specialized slaughtering tasks, cutting standard or premium cuts of meat for marketing, making sausage, or wrapping meats. Work typically occurs in slaughtering, meat packing, or wholesale"
51-3091.00,"Food and Tobacco Roasting, Baking, and Drying Machine Operators and Tenders",Operator Mesin Roasting/Oven/Pengering,Operator Produksi (Roasting/Drying),umum,"O*NET menggabungkan food & tobacco; di Indonesia jabatan biasanya dipecah per komoditas (kopi, kacang, tembakau) dengan sebutan umum Operator Produksi.",FMCG|Manufaktur & Otomotif,2,R,"Operate or tend food or tobacco roasting, baking, or drying equipment, including hearth ovens, kiln driers, roasters, char kilns, and vacuum drying equipment."
51-3092.00,Food Batchmakers,Operator Mixing/Batching Produk Pangan,Food Batchmaker;Operator Adonan,umum,,FMCG|Manufaktur & Otomotif,2,R,Set up and operate equipment that mixes or blends ingredients used in the manufacturing of food products. Includes candy makers and cheese makers.
51-3093.00,Food Cooking Machine Operators and Tenders,Operator Mesin Masak (Cooking),Operator Produksi (Cooking),umum,,FMCG|Manufaktur & Otomotif,2,R,"Operate or tend cooking equipment, such as steam cooking vats, deep fry cookers, pressure cookers, kettles, and boilers, to prepare food products."
51-3099.00,"Food Processing Workers, All Other",Operator Produksi Pangan (Lainnya),Food Processing Worker,umum,Kategori catch-all O*NET.,FMCG|Manufaktur & Otomotif,,,All food processing workers not listed separately.
51-4021.00,"Extruding and Drawing Machine Setters, Operators, and Tenders, Metal and Plastic",Operator Mesin Ekstrusi (Extruder),Extruder Operator;Operator Mesin Extruding,umum,,Manufaktur & Otomotif,2,R,"Set up, operate, or tend machines to extrude or draw thermoplastic or metal materials into tubes, rods, hoses, wire, bars, or structural shapes."
51-4022.00,"Forging Machine Setters, Operators, and Tenders, Metal and Plastic",Operator Mesin Forging (Tempa),Forging Operator,umum,,Manufaktur & Otomotif,2,R,"Set up, operate, or tend forging machines to taper, shape, or form metal or plastic parts."
51-4023.00,"Rolling Machine Setters, Operators, and Tenders, Metal and Plastic",Operator Mesin Rolling,Rolling Mill Operator,umum,,Manufaktur & Otomotif,2,R,"Set up, operate, or tend machines to roll steel or plastic forming bends, beads, knurls, rolls, or plate, or to flatten, temper, or reduce gauge of material."
51-4031.00,"Cutting, Punching, and Press Machine Setters, Operators, and Tenders, Metal and Plastic",Operator Mesin Press/Potong Logam,Press Operator;Punching Machine Operator,umum,,Manufaktur & Otomotif,2,R,"Set up, operate, or tend machines to saw, cut, shear, slit, punch, crimp, notch, bend, or straighten metal or plastic material."
51-4032.00,"Drilling and Boring Machine Tool Setters, Operators, and Tenders, Metal and Plastic",Operator Mesin Bor,Drilling Machine Operator,umum,,Manufaktur & Otomotif,2,R,"Set up, operate, or tend drilling machines to drill, bore, ream, mill, or countersink metal or plastic work pieces."
51-4033.00,"Grinding, Lapping, Polishing, and Buffing Machine Tool Setters, Operators, and Tenders, Metal and Plastic",Operator Mesin Gerinda/Poles,Grinding Operator;Polishing Operator,umum,,Manufaktur & Otomotif,2,R,"Set up, operate, or tend grinding and related tools that remove excess material or burrs from surfaces, sharpen edges or corners, or buff, hone, or polish metal or plastic work pieces."
51-4034.00,"Lathe and Turning Machine Tool Setters, Operators, and Tenders, Metal and Plastic",Operator Mesin Bubut,Lathe Operator,umum,,Manufaktur & Otomotif,2,R,"Set up, operate, or tend lathe and turning machines to turn, bore, thread, form, or face metal or plastic materials, such as wire, rod, or bar stock."
51-4035.00,"Milling and Planing Machine Setters, Operators, and Tenders, Metal and Plastic",Operator Mesin Frais (Milling),Milling Machine Operator,umum,,Manufaktur & Otomotif,2,R,"Set up, operate, or tend milling or planing machines to mill, plane, shape, groove, or profile metal or plastic work pieces."
51-4041.00,Machinists,Operator Mesin Bubut / Machinist,Machinist;Operator CNC,umum,,Manufaktur & Otomotif,3,R,"Set up and operate a variety of machine tools to produce precision parts and instruments out of metal. Includes precision instrument makers who fabricate, modify, or repair mechanical instruments. May also fabricate and modify parts to make or repair machine tools or maintain industrial machines, ap"
51-4051.00,Metal-Refining Furnace Operators and Tenders,Operator Tungku Peleburan Logam (Furnace),Furnace Operator;Operator Smelter,umum,Sangat relevan mengingat besarnya industri smelter nikel/logam di Indonesia,Manufaktur & Otomotif,2,R,"Operate or tend furnaces, such as gas, oil, coal, electric-arc or electric induction, open-hearth, or oxygen furnaces, to melt and refine metal before casting or to produce specified types of steel."
51-4052.00,"Pourers and Casters, Metal",Operator Penuangan Logam Cor (Casting),Metal Pourer;Operator Casting,umum,,Manufaktur & Otomotif,2,R,Operate hand-controlled mechanisms to pour and regulate the flow of molten metal into molds to produce castings or ingots.
51-4061.00,"Model Makers, Metal and Plastic",Pembuat Model Logam/Plastik,Model Maker,terbatas,,Manufaktur & Otomotif,3,R,"Set up and operate machines, such as lathes, milling and engraving machines, and jig borers to make working models of metal or plastic objects. Includes template makers."
51-4062.00,"Patternmakers, Metal and Plastic",Pembuat Pola Cetakan Logam/Plastik,Patternmaker,terbatas,,Manufaktur & Otomotif,3,R,"Lay out, machine, fit, and assemble castings and parts to metal or plastic foundry patterns, core boxes, or match plates."
51-4071.00,Foundry Mold and Coremakers,Operator Pembuat Cetakan Cor (Foundry),Mold Maker;Coremaker,terbatas,,Manufaktur & Otomotif,2,R,Make or form wax or sand cores or molds used in the production of metal castings in foundries.
51-4072.00,"Molding, Coremaking, and Casting Machine Setters, Operators, and Tenders, Metal and Plastic",Operator Mesin Molding/Injection,Molding Machine Operator;Operator Injection Molding,umum,Sangat umum karena industri plastik injection molding besar di Indonesia,Manufaktur & Otomotif,2,R,"Set up, operate, or tend metal or plastic molding, casting, or coremaking machines to mold or cast metal or thermoplastic parts or products."
51-4081.00,"Multiple Machine Tool Setters, Operators, and Tenders, Metal and Plastic",Operator Multi-Mesin (CNC),Multi-Machine Operator,terbatas,,Manufaktur & Otomotif,2,R,"Set up, operate, or tend more than one type of cutting or forming machine tool or robot."
51-4111.00,Tool and Die Makers,Tool & Die Maker / Teknisi Cetakan (Mold),Mold Maker;Die Maker;Teknisi Dies,umum,,Manufaktur & Otomotif,3,R,"Analyze specifications, lay out metal stock, set up and operate machine tools, and fit and assemble parts to make and repair dies, cutting tools, jigs, fixtures, gauges, and machinists' hand tools."
51-4121.00,"Welders, Cutters, Solderers, and Brazers",Juru Las (Welder),Welder;Tukang Las,umum,,Manufaktur & Otomotif,2,R,"Use hand-welding, flame-cutting, hand-soldering, or brazing equipment to weld or join metal components or to fill holes, indentations, or seams of fabricated metal products."
51-4122.00,"Welding, Soldering, and Brazing Machine Setters, Operators, and Tenders",Operator Mesin Las,Welding Machine Operator,umum,,Manufaktur & Otomotif,2,R,"Set up, operate, or tend welding, soldering, or brazing machines or robots that weld, braze, solder, or heat treat metal products, components, or assemblies. Includes workers who operate laser cutters or laser-beam machines."
51-4191.00,"Heat Treating Equipment Setters, Operators, and Tenders, Metal and Plastic",Operator Heat Treatment,Heat Treatment Operator,umum,,Manufaktur & Otomotif,2,R,"Set up, operate, or tend heating equipment, such as heat-treating furnaces, flame-hardening machines, induction machines, soaking pits, or vacuum equipment to temper, harden, anneal, or heat treat metal or plastic objects."
51-4192.00,"Layout Workers, Metal and Plastic",Operator Marking/Layout Logam,Layout Worker;Marker,terbatas,,Manufaktur & Otomotif,2,R,"Lay out reference points and dimensions on metal or plastic stock or workpieces, such as sheets, plates, tubes, structural shapes, castings, or machine parts, for further processing. Includes shipfitters."
51-4193.00,"Plating Machine Setters, Operators, and Tenders, Metal and Plastic",Operator Mesin Plating (Pelapisan Logam),Plating Operator;Electroplating Operator,umum,,Manufaktur & Otomotif,2,R,"Set up, operate, or tend plating machines to coat metal or plastic products with chromium, zinc, copper, cadmium, nickel, or other metal to protect or decorate surfaces. Typically, the product being coated is immersed in molten metal or an electrolytic solution."
51-4194.00,"Tool Grinders, Filers, and Sharpeners",Operator Gerinda/Asah Alat,Tool Grinder,terbatas,,Manufaktur & Otomotif,2,R,"Perform precision smoothing, sharpening, polishing, or grinding of metal objects."
51-4199.00,"Metal Workers and Plastic Workers, All Other",Pekerja Logam dan Plastik Lainnya,Operator Produksi Logam/Plastik,umum,Kategori catch-all O*NET,Manufaktur & Otomotif,,,All metal workers and plastic workers not listed separately.
51-5111.00,Prepress Technicians and Workers,Teknisi Pracetak (Prepress),Prepress Operator,terbatas,,Manufaktur & Otomotif,3,C,Format and proof text and images submitted by designers and clients into finished pages that can be printed. Includes digital and photo typesetting. May produce printing plates.
51-5112.00,Printing Press Operators,Operator Mesin Cetak,Printing Operator,umum,,Manufaktur & Otomotif,2,C,"Set up and operate digital, letterpress, lithographic, flexographic, gravure, or other printing machines. Includes short-run offset printing presses."
51-5113.00,Print Binding and Finishing Workers,Operator Jilid & Finishing Cetak,Bookbinder;Finishing Operator,umum,,Manufaktur & Otomotif,2,C,Bind books and other publications or finish printed products by hand or machine. May set up binding and finishing machines.
51-6011.00,Laundry and Dry-Cleaning Workers,Pekerja Laundry/Dry Cleaning,Laundry Worker,umum,,Manufaktur & Otomotif,2,R,"Operate or tend washing or dry-cleaning machines to wash or dry-clean industrial or household articles, such as cloth garments, suede, leather, furs, blankets, draperies, linens, rugs, and carpets. Includes spotters and dyers of these articles."
51-6021.00,"Pressers, Textile, Garment, and Related Materials",Operator Setrika/Press Garmen,Presser;Operator Ironing,umum,,Manufaktur & Otomotif,2,R,Press or shape articles by hand or machine.
51-6031.00,Sewing Machine Operators,Operator Jahit,Sewing Operator;Operator Mesin Jahit,umum,,Manufaktur & Otomotif,2,R,"Operate or tend sewing machines to join, reinforce, decorate, or perform related sewing operations in the manufacture of garment or nongarment products."
51-6041.00,Shoe and Leather Workers and Repairers,Pekerja/Tukang Sepatu dan Kulit,Cobbler;Pengrajin Sepatu,umum,,Manufaktur & Otomotif,2,R,"Construct, decorate, or repair leather and leather-like products, such as luggage, shoes, and saddles. May use hand tools."
51-6042.00,Shoe Machine Operators and Tenders,Operator Mesin Sepatu,Shoe Machine Operator,umum,,Manufaktur & Otomotif,2,R,"Operate or tend a variety of machines to join, decorate, reinforce, or finish shoes and shoe parts."
51-6051.00,"Sewers, Hand",Penjahit Tangan (Hand Sewing),Hand Sewer,umum,,Manufaktur & Otomotif,2,R,"Sew, join, reinforce, or finish, usually with needle and thread, a variety of manufactured items. Includes weavers and stitchers."
51-6052.00,"Tailors, Dressmakers, and Custom Sewers",Penjahit / Tailor,Tailor;Dressmaker,umum,,Manufaktur & Otomotif,2,R,"Design, make, alter, repair, or fit garments."
51-6061.00,Textile Bleaching and Dyeing Machine Operators and Tenders,Operator Pencelupan & Pemutihan Tekstil (Dyeing),Dyeing Operator,umum,,Manufaktur & Otomotif,2,R,"Operate or tend machines to bleach, shrink, wash, dye, or finish textiles or synthetic or glass fibers."
51-6062.00,"Textile Cutting Machine Setters, Operators, and Tenders",Operator Mesin Potong Kain (Cutting),Cutting Operator,umum,,Manufaktur & Otomotif,2,R,"Set up, operate, or tend machines that cut textiles."
51-6063.00,"Textile Knitting and Weaving Machine Setters, Operators, and Tenders",Operator Mesin Rajut/Tenun,Knitting Operator;Weaving Operator,umum,,Manufaktur & Otomotif,2,R,"Set up, operate, or tend machines that knit, loop, weave, or draw in textiles."
51-6064.00,"Textile Winding, Twisting, and Drawing Out Machine Setters, Operators, and Tenders",Operator Mesin Winding/Twisting Benang,Winding Operator,umum,,Manufaktur & Otomotif,2,R,"Set up, operate, or tend machines that wind or twist textiles; or draw out and combine sliver, such as wool, hemp, or synthetic fibers. Includes slubber machine and drawing frame operators."
51-6091.00,"Extruding and Forming Machine Setters, Operators, and Tenders, Synthetic and Glass Fibers",Operator Mesin Ekstrusi Serat Sintetis,Fiber Extrusion Operator,terbatas,,Manufaktur & Otomotif,2,R,"Set up, operate, or tend machines that extrude and form continuous filaments from synthetic materials, such as liquid polymer, rayon, and fiberglass."
51-6092.00,Fabric and Apparel Patternmakers,Pembuat Pola Pakaian (Pattern Maker),Patternmaker Garmen,umum,,Manufaktur & Otomotif,3,R,Draw and construct sets of precision master fabric patterns or layouts. May also mark and cut fabrics and apparel.
51-6093.00,Upholsterers,Tukang Jok (Upholsterer),Upholsterer;Tukang Jok Mobil/Furniture,umum,,Manufaktur & Otomotif,2,R,"Make, repair, or replace upholstery for household furniture or transportation vehicles."
51-6099.00,"Textile, Apparel, and Furnishings Workers, All Other",Pekerja Tekstil dan Garmen Lainnya,Operator Produksi Tekstil/Garmen,umum,Kategori catch-all O*NET,Manufaktur & Otomotif,,,"All textile, apparel, and furnishings workers not listed separately."
51-7011.00,Cabinetmakers and Bench Carpenters,Tukang Kayu / Pembuat Mebel,Cabinetmaker;Carpenter Mebel,umum,,Manufaktur & Otomotif,2,R,"Cut, shape, and assemble wooden articles or set up and operate a variety of woodworking machines, such as power saws, jointers, and mortisers to surface, cut, or shape lumber or to fabricate parts for wood products."
51-7021.00,Furniture Finishers,Tukang Finishing Furniture,Furniture Finisher,umum,,Manufaktur & Otomotif,2,R,"Shape, finish, and refinish damaged, worn, or used furniture or new high-grade furniture to specified color or finish."
51-7031.00,"Model Makers, Wood",Pembuat Model Kayu,Wood Model Maker,tidak_relevan,"Peran spesialis pembuat model presisi kayu skala penuh sangat niche, hampir tidak ada sebagai jabatan tersendiri di Indonesia",Manufaktur & Otomotif,3,R,Construct full-size and scale wooden precision models of products. Includes wood jig builders and loft workers.
51-7032.00,"Patternmakers, Wood",Pembuat Pola Kayu untuk Cetakan Cor,Wood Patternmaker,tidak_relevan,"Pola cetakan cor dari kayu sangat niche, umumnya melebur ke tukang kayu foundry biasa",Manufaktur & Otomotif,3,R,"Plan, lay out, and construct wooden unit or sectional patterns used in forming sand molds for castings."
51-7041.00,"Sawing Machine Setters, Operators, and Tenders, Wood",Operator Mesin Gergaji Kayu,Sawmill Operator,umum,,Manufaktur & Otomotif,2,R,"Set up, operate, or tend wood sawing machines. May operate computer numerically controlled (CNC) equipment. Includes lead sawyers."
51-7042.00,"Woodworking Machine Setters, Operators, and Tenders, Except Sawing",Operator Mesin Kayu (Woodworking),Woodworking Machine Operator,umum,,Manufaktur & Otomotif,2,R,"Set up, operate, or tend woodworking machines, such as drill presses, lathes, shapers, routers, sanders, planers, and wood nailing machines. May operate computer numerically controlled (CNC) equipment."
51-7099.00,"Woodworkers, All Other",Pekerja Kayu Lainnya,Operator Produksi Kayu,umum,Kategori catch-all O*NET,Manufaktur & Otomotif,,,All woodworkers not listed separately.
51-8011.00,Nuclear Power Reactor Operators,Operator Reaktor Nuklir,Nuclear Power Reactor Operator,tidak_relevan,Indonesia belum memiliki PLTN komersial,Energi & Pertambangan|Manufaktur & Otomotif,3,R,"Operate or control nuclear reactors. Move control rods, start and stop equipment, monitor and adjust controls, and record data in logs. Implement emergency procedures when needed. May respond to abnormalities, determine cause, and recommend corrective action."
51-8012.00,Power Distributors and Dispatchers,Operator Dispatcher Distribusi Listrik,Power Dispatcher;Operator Gardu Induk,umum,,Energi & Pertambangan|Manufaktur & Otomotif,3,R,"Coordinate, regulate, or distribute electricity or steam."
51-8013.00,Power Plant Operators,Operator Pembangkit Listrik,Power Plant Operator,umum,,Energi & Pertambangan|Manufaktur & Otomotif,2,R,"Control, operate, or maintain machinery to generate electric power. Includes auxiliary equipment operators."
51-8013.03,Biomass Plant Technicians,Teknisi Pembangkit Listrik Tenaga Biomassa (PLTBm),Biomass Plant Technician,terbatas,"ada beberapa PLTBm skala kecil-menengah (mis. berbasis limbah sawit), belum sedominan PLTU/PLTA",Energi & Pertambangan|Manufaktur & Otomotif,2,R,Control and monitor biomass plant activities and perform maintenance as needed.
51-8013.04,Hydroelectric Plant Technicians,Teknisi Pembangkit Listrik Tenaga Air (PLTA),Hydroelectric Plant Technician,umum,,Energi & Pertambangan|Manufaktur & Otomotif,3,R,"Monitor and control activities associated with hydropower generation. Operate plant equipment, such as turbines, pumps, valves, gates, fans, electric control boards, and battery banks. Monitor equipment operation and performance and make necessary adjustments to ensure optimal performance. Perform e"
51-8021.00,Stationary Engineers and Boiler Operators,Operator Boiler,Stationary Engineer;Boiler Operator,umum,,Energi & Pertambangan|Manufaktur & Otomotif,3,R,"Operate or maintain stationary engines, boilers, or other mechanical equipment to provide utilities for buildings or industrial processes. Operate equipment such as steam engines, generators, motors, turbines, and steam boilers."
51-8031.00,Water and Wastewater Treatment Plant and System Operators,Operator Pengolahan Air dan Air Limbah,Water Treatment Operator;Operator IPAL,umum,,Energi & Pertambangan|Manufaktur & Otomotif,2,R,"Operate or control an entire process or system of machines, often through the use of control boards, to transfer or treat water or wastewater."
51-8091.00,Chemical Plant and System Operators,Operator Pabrik Kimia,Chemical Plant Operator,umum,,Energi & Pertambangan|Manufaktur & Otomotif,2,R,Control or operate entire chemical processes or system of machines.
51-8092.00,Gas Plant Operators,Operator Kilang/Distribusi Gas,Gas Plant Operator,umum,,Energi & Pertambangan|Manufaktur & Otomotif,2,R,Distribute or process gas for utility companies and others by controlling compressors to maintain specified pressures on main pipelines.
51-8093.00,"Petroleum Pump System Operators, Refinery Operators, and Gaugers",Operator Kilang Minyak,Refinery Operator;Petroleum Pump System Operator;Gauger,umum,,Energi & Pertambangan|Manufaktur & Otomotif,2,R,"Operate or control petroleum refining or processing units. May specialize in controlling manifold and pumping systems, gauging or testing oil in storage tanks, or regulating the flow of oil into pipelines."
51-8099.00,"Plant and System Operators, All Other",Operator Pabrik/Sistem Lainnya,Plant and System Operator,umum,kategori catch-all,Energi & Pertambangan|Manufaktur & Otomotif,,,All plant and system operators not listed separately.
51-8099.01,Biofuels Processing Technicians,Teknisi Pengolahan Biofuel,Biofuels Processing Technician,umum,relevan dengan program biodiesel (mis. B35) di Indonesia,Energi & Pertambangan|Manufaktur & Otomotif,2,R,"Calculate, measure, load, mix, and process refined feedstock with additives in fermentation or reaction process vessels and monitor production process. Perform, and keep records of, plant maintenance, repairs, and safety inspections."
51-9011.00,Chemical Equipment Operators and Tenders,Operator Peralatan Proses Kimia,Chemical Operator,terbatas,"Relevan di pabrik home & personal care (deterjen, sabun), bukan makanan/minuman.",FMCG|Manufaktur & Otomotif,2,R,"Operate or tend equipment to control chemical changes or reactions in the processing of industrial or consumer products. Equipment used includes devulcanizers, steam-jacketed kettles, and reactor vessels."
51-9012.00,"Separating, Filtering, Clarifying, Precipitating, and Still Machine Setters, Operators, and Tenders",Operator Mesin Filtrasi/Pemisahan,Operator Mesin Penyaring,terbatas,"perlu verifikasi; istilah sangat teknis-generik, jarang dipakai persis di lowongan Indonesia, biasanya masuk kategori Operator Produksi.",FMCG|Manufaktur & Otomotif,2,R,"Set up, operate, or tend continuous flow or vat-type equipment; filter presses; shaker screens; centrifuges; condenser tubes; precipitating, fermenting, or evaporating tanks; scrubbing towers; or batch stills. These machines extract, sort, or separate liquids, gases, or solids from other materials t"
51-9021.00,"Crushing, Grinding, and Polishing Machine Setters, Operators, and Tenders",Operator Mesin Giling/Crusher,Operator Mesin Penggilingan,terbatas,"Relevan untuk penggilingan kopi/rempah/biji-bijian, bukan istilah lintas FMCG umum.",FMCG|Manufaktur & Otomotif,2,R,"Set up, operate, or tend machines to crush, grind, or polish materials, such as coal, glass, grain, stone, food, or rubber."
51-9022.00,"Grinding and Polishing Workers, Hand",Pekerja Gerinda/Poles Manual,Hand Grinder/Polisher,tidak_relevan,"Deskripsi mengarah ke logam/kayu/batu/kaca, bukan pekerjaan FMCG (makanan/minuman/personal care).",Manufaktur & Otomotif,2,R,"Grind, sand, or polish, using hand tools or hand-held power tools, a variety of metal, wood, stone, clay, plastic, or glass objects. Includes chippers, buffers, and finishers."
51-9023.00,"Mixing and Blending Machine Setters, Operators, and Tenders",Operator Mixing/Blending,Operator Pencampuran,umum,,FMCG|Manufaktur & Otomotif,2,R,"Set up, operate, or tend machines to mix or blend materials, such as chemicals, tobacco, liquids, color pigments, or explosive ingredients."
51-9031.00,"Cutters and Trimmers, Hand",Pekerja Potong/Trim Manual,Hand Cutter,tidak_relevan,"Deskripsi mengarah ke karpet/kain/batu/kaca/karet, bukan tipikal FMCG.",Manufaktur & Otomotif,2,R,"Use hand tools or hand-held power tools to cut and trim a variety of manufactured items, such as carpet, fabric, stone, glass, or rubber."
51-9032.00,"Cutting and Slicing Machine Setters, Operators, and Tenders",Operator Mesin Potong/Slicing,Operator Mesin Pemotong,terbatas,"Relevan untuk pemotongan bahan pangan (roti, keju), tapi cakupan O*NET juga meliputi kaca/kertas/karet non-FMCG.",FMCG|Manufaktur & Otomotif,2,R,"Set up, operate, or tend machines that cut or slice materials, such as glass, stone, cork, rubber, tobacco, food, paper, or insulating material."
51-9041.00,"Extruding, Forming, Pressing, and Compacting Machine Setters, Operators, and Tenders",Operator Mesin Extruding/Cetak,Operator Mesin Pencetak,umum,"Relevan untuk produksi snack ekstrusi, sabun, dan produk cetak lain di FMCG.",FMCG|Manufaktur & Otomotif,2,R,"Set up, operate, or tend machines, such as glass-forming machines, plodder machines, and tuber machines, to shape and form products such as glassware, food, rubber, soap, brick, tile, clay, wax, tobacco, or cosmetics."
51-9051.00,"Furnace, Kiln, Oven, Drier, and Kettle Operators and Tenders",Operator Oven/Kettle/Pengering,Operator Mesin Pemanas,terbatas,"perlu verifikasi; tumpang tindih dengan peran roasting/drying pangan, di FMCG makanan biasanya masuk sebutan umum Operator Produksi.",FMCG|Manufaktur & Otomotif,2,R,"Operate or tend heating equipment other than basic metal, plastic, or food processing equipment. Includes activities such as annealing glass, drying lumber, curing rubber, removing moisture from materials, or boiling soap."
51-9061.00,"Inspectors, Testers, Sorters, Samplers, and Weighers",QC Inspector / Staff Sortir & Timbang,Quality Inspector;Checker,umum,,FMCG|Manufaktur & Otomotif,2,R,"Inspect, test, sort, sample, or weigh nonagricultural raw materials or processed, machined, fabricated, or assembled parts or products for defects, wear, and deviations from specifications. May use precision measuring instruments and complex test equipment."
51-9071.00,Jewelers and Precious Stone and Metal Workers,Perajin Perhiasan,Jeweler,tidak_relevan,"Sektor perhiasan, bukan FMCG.",FMCG|Manufaktur & Otomotif,3,R,"Design, fabricate, adjust, repair, or appraise jewelry, gold, silver, other precious metals, or gems."
51-9071.06,Gem and Diamond Workers,Pekerja Batu Permata/Berlian,Gem Cutter,tidak_relevan,"Sektor perhiasan, bukan FMCG.",FMCG|Manufaktur & Otomotif,3,R,"Fabricate, finish, or evaluate the quality of gems and diamonds used in jewelry or industrial tools."
51-9081.00,Dental Laboratory Technicians,Teknisi Laboratorium Gigi,Dental Technician,tidak_relevan,"Sektor kesehatan gigi, bukan FMCG.",FMCG|Manufaktur & Otomotif,2,R,Construct and repair full or partial dentures or dental appliances.
51-9082.00,Medical Appliance Technicians,Teknisi Alat Kesehatan/Ortotik-Prostetik,Medical Appliance Technician,tidak_relevan,"Sektor alat kesehatan, bukan FMCG.",FMCG|Manufaktur & Otomotif,3,R,"Construct, maintain, or repair medical supportive devices such as braces, orthotics and prosthetic devices, joints, arch supports, and other surgical and medical appliances."
51-9083.00,Ophthalmic Laboratory Technicians,Teknisi Laboratorium Optik,Ophthalmic Technician,tidak_relevan,"Sektor optik, bukan FMCG.",FMCG|Manufaktur & Otomotif,2,R,"Cut, grind, and polish eyeglasses, contact lenses, or other precision optical elements. Assemble and mount lenses into frames or process other optical elements. Includes precision lens polishers or grinders, centerer-edgers, and lens mounters."
51-9111.00,Packaging and Filling Machine Operators and Tenders,Operator Mesin Packing/Filling,Operator Pengemasan;Packing Operator,umum,,FMCG|Manufaktur & Otomotif,2,R,Operate or tend machines to prepare industrial or consumer products for storage or shipment. Includes cannery workers who pack food products.
51-9123.00,"Painting, Coating, and Decorating Workers",Pekerja Pengecatan/Pelapisan/Dekorasi,Finishing Worker,tidak_relevan,"Deskripsi mengarah ke furnitur/kaca/keramik, bukan tipikal FMCG.",FMCG|Manufaktur & Otomotif,2,R,"Paint, coat, or decorate articles, such as furniture, glass, plateware, pottery, jewelry, toys, books, or leather."
51-9124.00,"Coating, Painting, and Spraying Machine Setters, Operators, and Tenders",Operator Mesin Coating/Spray,Operator Mesin Pelapisan,tidak_relevan,"Deskripsi mengarah ke produk non-FMCG (kaca, keramik, logam); coating di FMCG (mis. kembang gula/tablet) sangat niche.",Manufaktur & Otomotif,2,R,"Set up, operate, or tend spraying or rolling machines to coat or paint any of a wide variety of products, including glassware, cloth, ceramics, metal, plastic, paper, or wood, with lacquer, silver, copper, rubber, varnish, glaze, enamel, oil, or rust-proofing materials. Includes painters of transpor"
51-9141.00,Semiconductor Processing Technicians,Teknisi Proses Semikonduktor,Semiconductor Technician,tidak_relevan,"Sektor elektronik, bukan FMCG.",FMCG|Manufaktur & Otomotif,2,R,Perform any or all of the following functions in the manufacture of electronic semiconductors: load semiconductor material into furnace; saw formed ingots into segments; load individual segment into crystal growing chamber and monitor controls; locate crystal axis in ingot using x-ray equipment and 
51-9151.00,Photographic Process Workers and Processing Machine Operators,Operator Pemrosesan Foto,Photo Lab Technician,tidak_relevan,"Sektor fotografi, bukan FMCG.",FMCG|Manufaktur & Otomotif|Kreatif & Media Digital,2,R,Perform work involved in developing and processing photographic images from film or digital media. May perform precision tasks such as editing photographic negatives and prints.
51-9161.00,Computer Numerically Controlled Tool Operators,Operator Mesin CNC,CNC Operator,terbatas,"Relevan di bengkel mold/perkakas cetakan kemasan FMCG, tapi bukan peran inti FMCG.",FMCG|Manufaktur & Otomotif,2,R,"Operate computer-controlled tools, machines, or robots to machine or process parts, tools, or other work pieces made of metal, plastic, wood, stone, or other materials. May also set up and maintain equipment."
51-9162.00,Computer Numerically Controlled Tool Programmers,Programmer Mesin CNC,CNC Programmer,terbatas,"Niche pada bengkel mold/tooling, bukan operasi FMCG inti.",FMCG|Manufaktur & Otomotif,2,C,"Develop programs to control machining or processing of materials by automatic machine tools, equipment, or systems. May also set up, operate, or maintain equipment."
51-9191.00,Adhesive Bonding Machine Operators and Tenders,Operator Mesin Pengeleman,Operator Bonding,terbatas,"Relevan untuk perekatan karton/kemasan, tapi jarang jadi judul jabatan berdiri sendiri di Indonesia.",FMCG|Manufaktur & Otomotif,2,R,"Operate or tend bonding machines that use adhesives to join items for further processing or to form a completed product. Processes include joining veneer sheets into plywood; gluing paper; or joining rubber and rubberized fabric parts, plastic, simulated leather, or other materials."
51-9192.00,"Cleaning, Washing, and Metal Pickling Equipment Operators and Tenders",Operator Mesin Pencuci/Sterilisasi (CIP),Operator Cleaning;Bottle Washer,terbatas,"Relevan di pabrik minuman (pencucian botol/CIP - Clean in Place), kurang relevan untuk sub-sektor FMCG lain.",FMCG|Manufaktur & Otomotif,2,R,"Operate or tend machines to wash or clean products, such as barrels or kegs, glass items, tin plate, food, pulp, coal, plastic, or rubber, to remove impurities."
51-9193.00,Cooling and Freezing Equipment Operators and Tenders,Operator Mesin Pendingin/Freezer,Operator Cold Storage,umum,"Relevan di produk es krim, daging beku, makanan beku.",FMCG|Manufaktur & Otomotif,2,R,"Operate or tend equipment such as cooling and freezing units, refrigerators, batch freezers, and freezing tunnels, to cool or freeze products, food, blood plasma, and chemicals."
51-9194.00,Etchers and Engravers,Pengukir/Etsa,Engraver,tidak_relevan,Bukan peran FMCG khas.,FMCG|Manufaktur & Otomotif,2,R,"Engrave or etch metal, wood, rubber, or other materials. Includes such workers as etcher-circuit processors, pantograph engravers, and silk screen etchers."
51-9195.00,"Molders, Shapers, and Casters, Except Metal and Plastic",Operator Cetak/Molding (Non-Logam/Plastik),Molder,terbatas,"perlu verifikasi; relevan untuk cetak lilin/produk tertentu, sangat niche di FMCG.",FMCG|Manufaktur & Otomotif,2,R,"Mold, shape, form, cast, or carve products such as food products, figurines, tile, pipes, and candles consisting of clay, glass, plaster, concrete, stone, or combinations of materials."
51-9195.03,"Stone Cutters and Carvers, Manufacturing",Pemotong/Pengukir Batu,Stone Carver,tidak_relevan,"Sektor batu/konstruksi, bukan FMCG.",FMCG|Manufaktur & Otomotif,2,R,Cut or carve stone according to diagrams and patterns.
51-9195.04,"Glass Blowers, Molders, Benders, and Finishers",Peniup/Pencetak Kaca,Glass Blower,terbatas,"Relevan di pabrik kemasan gelas/botol kaca untuk minuman, tapi termasuk sub-kontraktor kemasan, bukan pekerja FMCG langsung.",FMCG|Manufaktur & Otomotif,2,R,Shape molten glass according to patterns.
51-9195.05,"Potters, Manufacturing",Operator Produksi Keramik/Gerabah,Potter,tidak_relevan,"Sektor keramik, bukan FMCG.",FMCG|Manufaktur & Otomotif,3,R,"Operate production machines such as pug mill, jigger machine, or potter's wheel to process clay in manufacture of ceramic, pottery and stoneware products."
51-9196.00,"Paper Goods Machine Setters, Operators, and Tenders",Operator Mesin Kemasan Kertas/Karton,Operator Mesin Corrugator;Carton Machine Operator,umum,Relevan untuk produksi kemasan karton/kertas FMCG.,FMCG|Manufaktur & Otomotif,2,R,"Set up, operate, or tend paper goods machines that perform a variety of functions, such as converting, sawing, corrugating, banding, wrapping, boxing, stitching, forming, or sealing paper or paperboard sheets into products."
51-9197.00,Tire Builders,Pembuat Ban,Tire Builder,tidak_relevan,"Sektor ban/otomotif, bukan FMCG.",FMCG|Manufaktur & Otomotif,2,R,Operate machines to build tires.
51-9198.00,Helpers--Production Workers,Helper Produksi,Production Helper,umum,,FMCG|Manufaktur & Otomotif,2,R,"Help production workers by performing duties requiring less skill. Duties include supplying or holding materials or tools, and cleaning work area and equipment."
51-9199.00,"Production Workers, All Other",Operator Produksi (Lainnya),Production Worker,umum,Kategori catch-all O*NET.,FMCG|Manufaktur & Otomotif,,,All production workers not listed separately.
53-3031.00,Driver/Sales Workers,Sales Kanvas,Driver Sales;Salesman Canvasser,umum,,E-commerce & Perdagangan,2,R,"Drive truck or other vehicle over established routes or within an established territory and sell or deliver goods, such as food products, including restaurant take-out items, or pick up or deliver items such as commercial laundry. May also take orders, collect payment, or stock merchandise at point "
53-6031.00,Automotive and Watercraft Service Attendants,Petugas SPBU / Operator Pom Bensin,Gas Station Attendant;Petugas Pengisian BBM,umum,"O*NET juga mencakup layanan kapal (watercraft), tapi di Indonesia peran ini paling dekat dengan petugas SPBU",Manufaktur & Otomotif,2,R,"Service automobiles, buses, trucks, boats, and other automotive or marine vehicles with fuel, lubricants, and accessories. Collect payment for services and supplies. May lubricate vehicle, change motor oil, refill antifreeze, or replace lights or other accessories, such as windshield wiper blades or"
53-7011.00,Conveyor Operators and Tenders,Operator Conveyor,Conveyor Operator,umum,,Energi & Pertambangan,2,R,"Control or tend conveyors or conveyor systems that move materials or products to and from stockpiles, processing stations, departments, or vehicles. May control speed and routing of materials or products."
53-7021.00,Crane and Tower Operators,Operator Crane,Crane Operator;Operator Tower Crane,umum,,Energi & Pertambangan,3,R,"Operate mechanical boom and cable or tower and cable equipment to lift and move materials, machines, or products in many directions."
53-7031.00,Dredge Operators,Operator Kapal Keruk (Dredge),Dredge Operator,umum,relevan khususnya untuk tambang timah lepas pantai di Bangka Belitung,Energi & Pertambangan,2,R,"Operate dredge to remove sand, gravel, or other materials in order to excavate and maintain navigable channels in waterways."
53-7041.00,Hoist and Winch Operators,Operator Hoist dan Winch,Hoist Operator;Winch Operator,umum,,Energi & Pertambangan,2,R,Operate or tend hoists or winches to lift and pull loads using power-operated cable equipment.
53-7051.00,Industrial Truck and Tractor Operators,Operator Truk/Traktor Industri,Forklift Operator;Industrial Truck Operator,umum,,Energi & Pertambangan,2,R,"Operate industrial trucks or tractors equipped to move materials around a warehouse, storage yard, factory, construction site, or similar location."
53-7061.00,Cleaners of Vehicles and Equipment,Pekerja Pencuci/Pembersih Kendaraan dan Alat,Vehicle and Equipment Cleaner,umum,,Energi & Pertambangan,2,R,"Wash or otherwise clean vehicles, machinery, and other equipment. Use such materials as water, cleaning agents, brushes, cloths, and hoses."
53-7062.00,"Laborers and Freight, Stock, and Material Movers, Hand",Buruh Angkut Barang,Laborer;Material Mover,umum,,Energi & Pertambangan,2,R,"Manually move freight, stock, luggage, or other materials, or perform other general labor. Includes all manual laborers not elsewhere classified."
53-7062.04,Recycling and Reclamation Workers,Pekerja Daur Ulang dan Reklamasi,Recycling and Reclamation Worker,umum,,Energi & Pertambangan,2,R,Prepare and sort materials or products for recycling. Identify and remove hazardous substances. Dismantle components of products such as appliances.
53-7063.00,Machine Feeders and Offbearers,Operator Pengumpan Mesin,Machine Feeder;Offbearer,umum,,Energi & Pertambangan,2,R,Feed materials into or remove materials from machines or equipment that is automatic or tended by other workers.
53-7064.00,"Packers and Packagers, Hand",Pengepak Barang (Manual),Packer;Packager,umum,,Energi & Pertambangan,2,R,Pack or package by hand a wide variety of products and materials.
53-7065.00,Stockers and Order Fillers,Petugas Gudang dan Pemenuhan Pesanan,Stocker;Order Filler,umum,,Energi & Pertambangan,2,C,"Receive, store, and issue merchandise, materials, equipment, and other items from stockroom, warehouse, or storage yard to fill shelves, racks, tables, or customers' orders. May operate power equipment to fill orders. May mark prices on merchandise and set up sales displays."
53-7071.00,Gas Compressor and Gas Pumping Station Operators,Operator Stasiun Kompresor Gas,Gas Compressor Operator;Gas Pumping Station Operator,umum,,Energi & Pertambangan,2,R,"Operate steam-, gas-, electric motor-, or internal combustion-engine driven compressors. Transmit, compress, or recover gases, such as butane, nitrogen, hydrogen, and natural gas."
53-7072.00,"Pump Operators, Except Wellhead Pumpers",Operator Pompa,Pump Operator,umum,,Energi & Pertambangan,2,R,"Tend, control, or operate power-driven, stationary, or portable pumps and manifold systems to transfer gases, oil, other liquids, slurries, or powdered materials to and from various vessels and processes."
53-7073.00,Wellhead Pumpers,Operator Pompa Sumur (Wellhead Pumper),Wellhead Pumper,umum,,Energi & Pertambangan,2,R,Operate power pumps and auxiliary equipment to produce flow of oil or gas from wells in oil field.
53-7081.00,Refuse and Recyclable Material Collectors,Petugas Pengumpul Sampah dan Daur Ulang,Refuse Collector;Waste Collector,umum,,Energi & Pertambangan,2,R,Collect and dump refuse or recyclable materials from containers into truck. May drive truck.
