soc_code,title,r,i,a,s,e,c,r_pct,i_pct,a_pct,s_pct,e_pct,c_pct,holland_code
11-1011.00,Chief Executives,1.26,3.05,2.16,3.54,6.96,4.97,5.74,13.90,9.85,16.13,31.72,22.65,ECS
11-1011.03,Chief Sustainability Officers,2.04,4.78,2.48,3.55,6.68,4.49,8.49,19.90,10.32,14.78,27.81,18.69,EIC
11-1021.00,General and Operations Managers,2.20,2.37,1.29,3.38,7.00,5.34,10.19,10.98,5.98,15.66,32.44,24.75,ECS
11-1031.00,Legislators,1.54,3.35,2.70,3.69,5.52,3.62,7.54,16.41,13.22,18.07,27.03,17.73,ESC
11-2011.00,Advertising and Promotions Managers,1.00,1.69,3.87,3.14,7.00,4.43,4.73,8.00,18.32,14.86,33.13,20.97,ECA
11-2021.00,Marketing Managers,1.00,2.90,2.45,2.82,7.00,4.70,4.79,13.90,11.74,13.51,33.54,22.52,ECI
11-2022.00,Sales Managers,1.49,1.67,1.36,3.37,7.00,5.53,7.30,8.18,6.66,16.50,34.28,27.08,ECS
11-2032.00,Public Relations Managers,1.00,2.34,3.67,4.18,7.00,4.39,4.43,10.36,16.25,18.51,31.00,19.44,ECS
11-2033.00,Fundraising Managers,1.00,2.41,2.61,3.76,7.00,4.82,4.63,11.16,12.08,17.41,32.41,22.31,ECS
11-3012.00,Administrative Services Managers,1.42,2.12,1.11,3.74,6.47,6.27,6.72,10.03,5.25,17.70,30.62,29.67,ECS
11-3013.00,Facilities Managers,4.15,2.60,1.61,3.58,5.35,5.35,18.33,11.48,7.11,15.81,23.63,23.63,ECR
11-3013.01,Security Managers,3.39,3.69,1.30,2.75,5.63,5.43,15.28,16.63,5.86,12.39,25.37,24.47,ECI
11-3021.00,Computer and Information Systems Managers,2.68,4.49,1.47,2.35,5.09,5.94,12.17,20.39,6.68,10.67,23.12,26.98,CEI
11-3031.00,Financial Managers,1.36,2.46,1.59,3.04,7.00,5.56,6.47,11.71,7.57,14.47,33.32,26.46,ECS
11-3031.01,Treasurers and Controllers,1.00,2.20,1.17,2.68,6.15,6.44,5.09,11.20,5.96,13.65,31.31,32.79,CES
11-3031.03,Investment Fund Managers,1.48,3.77,1.65,2.69,6.95,5.21,6.80,17.33,7.59,12.37,31.95,23.95,ECI
11-3051.00,Industrial Production Managers,4.00,2.92,1.40,1.85,6.03,5.21,18.68,13.64,6.54,8.64,28.16,24.33,ECR
11-3051.01,Quality Control Systems Managers,3.58,4.12,1.28,2.07,5.09,5.42,16.60,19.11,5.94,9.60,23.61,25.14,CEI
11-3051.02,Geothermal Production Managers,5.35,3.35,1.00,2.07,4.58,4.82,25.27,15.82,4.72,9.78,21.63,22.77,RCE
11-3051.03,Biofuels Production Managers,4.59,3.74,1.00,1.83,5.41,5.06,21.22,17.29,4.62,8.46,25.01,23.39,ECR
11-3051.04,Biomass Power Plant Managers,5.12,3.19,1.00,1.72,4.86,5.34,24.12,15.03,4.71,8.10,22.89,25.15,CRE
11-3051.06,Hydroelectric Production Managers,5.37,3.64,1.00,1.83,4.57,5.02,25.06,16.99,4.67,8.54,21.33,23.43,RCE
11-3061.00,Purchasing Managers,2.49,1.77,1.20,2.70,7.00,5.98,11.78,8.37,5.68,12.77,33.11,28.29,ECS
11-3071.00,"Transportation, Storage, and Distribution Managers",3.60,2.64,1.00,2.39,5.99,5.74,16.85,12.36,4.68,11.19,28.04,26.87,ECR
11-3071.04,Supply Chain Managers,3.39,2.46,1.00,2.04,6.24,5.25,16.63,12.07,4.91,10.01,30.62,25.76,ECR
11-3111.00,Compensation and Benefits Managers,1.00,2.18,1.41,3.81,7.00,5.66,4.75,10.35,6.70,18.09,33.24,26.88,ECS
11-3121.00,Human Resources Managers,1.26,2.31,1.50,3.88,7.00,5.54,5.86,10.75,6.98,18.05,32.57,25.78,ECS
11-3131.00,Training and Development Managers,1.90,3.04,2.57,5.54,6.35,4.04,8.11,12.97,10.96,23.63,27.09,17.24,ESC
11-9013.00,"Farmers, Ranchers, and Other Agricultural Managers",5.16,2.74,1.06,2.63,5.52,4.53,23.84,12.66,4.90,12.15,25.51,20.93,ERC
11-9021.00,Construction Managers,4.68,3.18,1.70,2.35,5.73,4.80,20.86,14.17,7.58,10.47,25.53,21.39,ECR
11-9031.00,"Education and Childcare Administrators, Preschool and Daycare",1.20,2.90,2.78,6.46,4.85,4.53,5.28,12.76,12.24,28.43,21.35,19.94,SEC
11-9032.00,"Education Administrators, Kindergarten through Secondary",1.31,3.06,2.84,5.72,5.34,4.68,5.71,13.33,12.37,24.92,23.27,20.39,SEC
11-9033.00,"Education Administrators, Postsecondary",1.00,3.83,2.81,5.64,5.30,4.91,4.26,16.30,11.96,24.01,22.56,20.90,SEC
11-9041.00,Architectural and Engineering Managers,2.99,4.56,2.64,2.95,6.40,4.43,12.47,19.02,11.01,12.31,26.70,18.48,EIC
11-9041.01,Biofuels/Biodiesel Technology and Product Development Managers,4.16,5.84,2.11,2.10,4.70,3.51,18.55,26.05,9.41,9.37,20.96,15.66,IER
11-9051.00,Food Service Managers,4.16,1.96,1.63,3.53,5.97,5.06,18.65,8.79,7.31,15.82,26.76,22.68,ECR
11-9071.00,Gambling Managers,2.80,1.35,1.09,2.86,6.74,5.46,13.79,6.65,5.37,14.09,33.20,26.90,ECS
11-9072.00,"Entertainment and Recreation Managers, Except Gambling",3.35,1.96,1.98,3.93,6.25,5.04,14.88,8.71,8.80,17.46,27.77,22.39,ECS
11-9081.00,Lodging Managers,2.69,1.10,1.43,4.31,6.21,5.22,12.83,5.25,6.82,20.56,29.63,24.90,ECS
11-9111.00,Medical and Health Services Managers,2.05,3.75,1.45,4.40,5.95,5.17,9.00,16.47,6.37,19.32,26.13,22.71,ECS
11-9121.00,Natural Sciences Managers,2.74,5.87,2.44,3.09,5.60,4.22,11.44,24.50,10.18,12.90,23.37,17.61,IEC
11-9121.01,Clinical Research Coordinators,1.58,5.90,1.76,3.58,4.31,4.81,7.20,26.89,8.02,16.32,19.64,21.92,ICE
11-9121.02,Water Resource Specialists,4.45,5.80,1.78,2.58,3.53,4.17,19.95,26.00,7.98,11.56,15.82,18.69,IRC
11-9131.00,Postmasters and Mail Superintendents,2.14,1.30,1.17,3.35,6.00,5.69,10.89,6.62,5.95,17.05,30.53,28.96,ECS
11-9141.00,"Property, Real Estate, and Community Association Managers",3.28,2.11,1.69,3.53,6.67,5.26,14.55,9.36,7.50,15.66,29.59,23.34,ECS
11-9151.00,Social and Community Service Managers,1.00,2.17,2.43,5.43,6.97,4.21,4.50,9.77,10.94,24.45,31.38,18.96,ESC
11-9161.00,Emergency Management Directors,3.53,4.49,1.82,4.01,5.07,4.69,14.95,19.02,7.71,16.98,21.47,19.86,ECI
11-9171.00,Funeral Home Managers,2.81,2.32,1.89,4.35,6.38,4.56,12.60,10.40,8.47,19.50,28.60,20.44,ECS
11-9179.01,Fitness and Wellness Coordinators,3.21,2.69,2.14,5.58,5.42,3.65,14.15,11.86,9.43,24.59,23.89,16.09,SEC
11-9179.02,Spa Managers,2.50,1.31,1.84,4.19,7.00,4.91,11.49,6.02,8.46,19.26,32.18,22.57,ECS
11-9199.01,Regulatory Affairs Managers,1.93,2.99,1.34,2.65,6.55,5.67,9.13,14.15,6.34,12.54,31.00,26.83,ECI
11-9199.02,Compliance Managers,1.92,2.98,1.00,3.10,5.93,6.30,9.04,14.04,4.71,14.60,27.93,29.67,CES
11-9199.08,Loss Prevention Managers,3.43,3.62,1.00,2.85,5.62,5.85,15.33,16.18,4.47,12.74,25.12,26.15,CEI
11-9199.09,Wind Energy Operations Managers,4.16,3.04,1.00,2.34,6.47,5.24,18.70,13.66,4.49,10.52,29.08,23.55,ECR
11-9199.10,Wind Energy Development Managers,3.44,3.86,1.66,2.38,6.71,4.82,15.04,16.88,7.26,10.41,29.34,21.08,ECI
11-9199.11,Brownfield Redevelopment Specialists and Site Managers,4.49,4.31,1.46,2.03,4.54,4.69,20.86,20.03,6.78,9.43,21.10,21.79,CER
13-1011.00,"Agents and Business Managers of Artists, Performers, and Athletes",1.00,1.76,3.55,4.14,6.48,3.73,4.84,8.52,17.18,20.04,31.36,18.05,ESC
13-1021.00,"Buyers and Purchasing Agents, Farm Products",4.56,1.85,1.08,1.74,4.91,4.80,24.08,9.77,5.70,9.19,25.92,25.34,ECR
13-1022.00,"Wholesale and Retail Buyers, Except Farm Products",3.37,1.92,1.56,2.45,5.23,5.17,17.11,9.75,7.92,12.44,26.55,26.24,ECR
13-1023.00,"Purchasing Agents, Except Wholesale, Retail, and Farm Products",3.50,1.82,1.19,1.93,5.09,5.65,18.25,9.49,6.20,10.06,26.54,29.46,CER
13-1031.00,"Claims Adjusters, Examiners, and Investigators",1.23,3.53,1.00,2.61,4.77,6.23,6.35,18.22,5.16,13.47,24.63,32.16,CEI
13-1032.00,"Insurance Appraisers, Auto Damage",5.17,3.04,1.16,1.64,3.54,5.44,25.86,15.21,5.80,8.20,17.71,27.21,CRE
13-1041.00,Compliance Officers,2.51,3.07,1.00,2.97,4.08,6.33,12.58,15.38,5.01,14.88,20.44,31.71,CEI
13-1041.01,Environmental Compliance Inspectors,4.57,4.77,1.05,2.35,3.21,5.84,20.97,21.89,4.82,10.78,14.73,26.80,CIR
13-1041.03,Equal Opportunity Representatives and Officers,1.23,3.01,1.73,4.24,5.37,5.21,5.92,14.48,8.32,20.39,25.83,25.06,ECS
13-1041.04,Government Property Inspectors and Investigators,3.09,3.32,1.00,2.41,4.20,6.26,15.24,16.37,4.93,11.88,20.71,30.87,CEI
13-1041.06,Coroners,4.04,4.94,1.50,3.10,4.09,4.86,17.93,21.93,6.66,13.76,18.15,21.57,ICE
13-1041.07,Regulatory Affairs Specialists,1.40,3.32,1.00,2.50,4.46,6.32,7.37,17.47,5.26,13.16,23.47,33.26,CEI
13-1041.08,Customs Brokers,2.37,1.53,1.00,2.17,5.02,6.13,13.01,8.40,5.49,11.91,27.55,33.64,CER
13-1051.00,Cost Estimators,3.01,3.18,1.12,1.66,4.65,6.44,15.00,15.85,5.58,8.28,23.18,32.10,CEI
13-1071.00,Human Resources Specialists,1.03,2.52,1.35,3.78,5.67,5.52,5.18,12.68,6.79,19.02,28.54,27.78,ECS
13-1074.00,Farm Labor Contractors,4.85,1.54,1.00,3.24,4.99,4.39,24.24,7.70,5.00,16.19,24.94,21.94,ERC
13-1075.00,Labor Relations Specialists,1.31,3.10,1.71,3.72,5.65,4.61,6.52,15.42,8.51,18.51,28.11,22.94,ECS
13-1081.00,Logisticians,2.35,3.81,1.10,2.33,5.02,5.44,11.72,19.00,5.49,11.62,25.04,27.13,CEI
13-1081.01,Logistics Engineers,4.02,5.22,1.07,1.31,3.76,5.67,19.10,24.80,5.08,6.22,17.86,26.94,CIR
13-1081.02,Logistics Analysts,2.88,4.04,1.00,1.52,4.47,6.79,13.91,19.52,4.83,7.34,21.59,32.80,CEI
13-1082.00,Project Management Specialists,1.48,2.75,1.57,3.32,6.30,5.55,7.06,13.11,7.49,15.83,30.04,26.47,ECS
13-1111.00,Management Analysts,1.37,5.44,1.63,2.82,4.81,6.05,6.19,24.59,7.37,12.75,21.75,27.35,CIE
13-1121.00,"Meeting, Convention, and Event Planners",1.00,1.56,2.49,4.56,7.00,4.96,4.64,7.23,11.54,21.14,32.45,22.99,ECS
13-1131.00,Fundraisers,1.00,2.02,3.22,4.23,6.03,4.07,4.86,9.82,15.65,20.56,29.31,19.79,ESC
13-1141.00,"Compensation, Benefits, and Job Analysis Specialists",1.29,3.42,1.41,3.64,5.38,5.80,6.16,16.33,6.73,17.38,25.69,27.70,CES
13-1151.00,Training and Development Specialists,2.03,4.03,3.19,5.64,3.68,3.76,9.09,18.05,14.29,25.26,16.48,16.84,SIC
13-1161.00,Market Research Analysts and Marketing Specialists,1.08,4.60,2.56,2.47,5.52,4.62,5.18,22.06,12.28,11.85,26.47,22.16,ECI
13-1161.01,Search Marketing Strategists,1.00,3.78,3.23,2.76,5.54,4.68,4.76,18.01,15.39,13.15,26.39,22.30,ECI
13-1199.04,Business Continuity Planners,2.00,4.39,1.66,3.06,5.23,5.06,9.35,20.51,7.76,14.30,24.44,23.64,ECI
13-1199.05,Sustainability Specialists,2.06,5.20,2.50,2.95,5.09,4.41,9.28,23.41,11.26,13.28,22.92,19.86,IEC
13-1199.06,Online Merchants,2.42,1.61,1.88,2.32,5.78,5.97,12.11,8.06,9.41,11.61,28.93,29.88,CER
13-1199.07,Security Management Specialists,3.86,5.09,1.68,1.96,3.73,5.68,17.55,23.14,7.64,8.91,16.95,25.82,CIR
13-2011.00,Accountants and Auditors,1.14,3.57,1.08,2.13,3.87,7.00,6.07,19.00,5.75,11.34,20.60,37.25,CEI
13-2022.00,Appraisers of Personal and Business Property,3.59,2.57,2.09,1.68,4.65,6.00,17.44,12.49,10.16,8.16,22.59,29.15,CER
13-2023.00,Appraisers and Assessors of Real Estate,2.70,2.85,1.61,2.63,4.87,5.81,13.19,13.92,7.87,12.85,23.79,28.38,CEI
13-2031.00,Budget Analysts,1.00,3.72,1.58,2.25,4.91,7.00,4.89,18.18,7.72,11.00,24.00,34.21,CEI
13-2041.00,Credit Analysts,1.00,3.79,1.00,2.41,4.55,6.85,5.10,19.34,5.10,12.30,23.21,34.95,CEI
13-2051.00,Financial and Investment Analysts,1.00,5.06,1.78,2.25,5.09,5.54,4.83,24.42,8.59,10.86,24.57,26.74,CEI
13-2052.00,Personal Financial Advisors,1.00,3.27,1.69,4.07,5.85,5.61,4.65,15.22,7.86,18.94,27.22,26.11,ECS
13-2053.00,Insurance Underwriters,1.72,3.64,1.00,2.84,4.50,6.16,8.66,18.33,5.04,14.30,22.66,31.02,CEI
13-2054.00,Financial Risk Specialists,1.67,4.96,1.31,2.48,4.92,5.36,8.07,23.96,6.33,11.98,23.77,25.89,CIE
13-2061.00,Financial Examiners,1.34,3.60,1.00,2.50,4.63,6.40,6.88,18.49,5.14,12.84,23.78,32.87,CEI
13-2071.00,Credit Counselors,1.00,2.65,1.80,4.89,4.73,5.35,4.90,12.98,8.81,23.95,23.16,26.20,CSE
13-2072.00,Loan Officers,1.43,2.32,1.00,3.65,4.98,6.08,7.35,11.92,5.14,18.76,25.59,31.24,CES
13-2081.00,"Tax Examiners and Collectors, and Revenue Agents",1.21,2.47,1.00,3.15,4.38,6.85,6.35,12.96,5.25,16.53,22.98,35.94,CES
13-2082.00,Tax Preparers,2.17,2.38,1.00,2.26,3.38,6.79,12.07,13.24,5.56,12.57,18.80,37.76,CEI
13-2099.01,Financial Quantitative Analysts,1.63,6.67,1.85,1.58,3.45,5.79,7.77,31.81,8.82,7.53,16.45,27.61,ICE
13-2099.04,"Fraud Examiners, Investigators and Analysts",2.01,4.67,1.22,1.95,4.57,5.62,10.03,23.30,6.09,9.73,22.80,28.04,CIE
15-1211.00,Computer Systems Analysts,3.27,6.39,1.98,1.91,2.23,5.93,15.06,29.43,9.12,8.80,10.27,27.31,ICR
15-1211.01,Health Informatics Specialists,2.84,6.29,1.99,4.52,2.08,4.71,12.66,28.04,8.87,20.15,9.27,21.00,ICS
15-1212.00,Information Security Analysts,3.56,5.40,1.34,2.11,2.85,6.08,16.68,25.30,6.28,9.89,13.36,28.49,CIR
15-1221.00,Computer and Information Research Scientists,3.74,7.00,2.95,2.00,2.49,4.80,16.28,30.46,12.84,8.70,10.84,20.89,ICR
15-1231.00,Computer Network Support Specialists,4.38,4.61,1.00,2.28,2.64,5.45,21.51,22.64,4.91,11.20,12.97,26.77,CIR
15-1232.00,Computer User Support Specialists,4.13,3.77,1.00,3.31,2.36,6.02,20.06,18.31,4.86,16.08,11.46,29.24,CRI
15-1241.00,Computer Network Architects,4.04,5.28,2.25,2.17,3.20,5.06,18.36,24.00,10.23,9.86,14.55,23.00,ICR
15-1241.01,Telecommunications Engineering Specialists,4.54,4.29,1.90,2.31,3.07,4.95,21.56,20.37,9.02,10.97,14.58,23.50,CRI
15-1242.00,Database Administrators,2.83,4.83,1.20,2.29,2.94,6.61,13.67,23.33,5.80,11.06,14.20,31.93,CIE
15-1243.00,Database Architects,2.63,5.63,2.16,1.91,2.68,6.12,12.45,26.64,10.22,9.04,12.68,28.96,CIE
15-1243.01,Data Warehousing Specialists,2.93,4.79,1.62,2.03,3.05,6.38,14.09,23.03,7.79,9.76,14.66,30.67,CIE
15-1244.00,Network and Computer Systems Administrators,4.19,4.04,1.00,2.22,3.46,6.18,19.87,19.16,4.74,10.53,16.41,29.30,CRI
15-1251.00,Computer Programmers,3.37,5.10,2.51,1.98,2.09,5.92,16.07,24.32,11.97,9.44,9.97,28.23,CIR
15-1252.00,Software Developers,3.61,6.05,2.37,1.81,1.87,5.62,16.92,28.36,11.11,8.49,8.77,26.35,ICR
15-1253.00,Software Quality Assurance Analysts and Testers,3.80,5.76,1.69,1.53,1.57,5.67,18.98,28.77,8.44,7.64,7.84,28.32,ICR
15-1254.00,Web Developers,2.98,5.01,3.13,2.22,2.96,5.03,13.97,23.49,14.67,10.41,13.88,23.58,CIA
15-1255.00,Web and Digital Interface Designers,2.59,4.88,4.48,2.20,3.13,4.40,11.95,22.51,20.66,10.15,14.44,20.30,IAC
15-1255.01,Video Game Designers,2.77,4.15,6.38,2.30,3.92,3.85,11.85,17.76,27.30,9.84,16.77,16.47,AIE
15-1299.01,Web Administrators,2.45,4.41,2.42,2.27,3.77,5.54,11.74,21.14,11.60,10.88,18.07,26.56,CIE
15-1299.02,Geographic Information Systems Technologists and Technicians,4.26,5.19,2.31,1.93,1.93,5.88,19.81,24.14,10.74,8.98,8.98,27.35,CIR
15-1299.03,Document Management Specialists,1.75,3.89,1.81,2.29,2.93,6.74,9.02,20.04,9.33,11.80,15.10,34.72,CIE
15-1299.04,Penetration Testers,3.91,5.19,1.31,1.99,2.10,5.18,19.87,26.37,6.66,10.11,10.67,26.32,ICR
15-1299.05,Information Security Engineers,4.30,5.54,1.33,1.83,2.66,6.06,19.80,25.51,6.12,8.43,12.25,27.90,CIR
15-1299.06,Digital Forensics Analysts,3.20,6.11,1.69,1.65,2.71,6.03,14.96,28.56,7.90,7.71,12.67,28.19,ICR
15-1299.07,Blockchain Engineers,3.40,5.28,2.07,1.57,3.39,5.69,15.89,24.67,9.67,7.34,15.84,26.59,CIR
15-1299.08,Computer Systems Engineers/Architects,4.10,5.46,1.88,2.10,3.03,5.76,18.36,24.45,8.42,9.40,13.57,25.79,CIR
15-1299.09,Information Technology Project Managers,1.73,3.87,1.77,2.67,5.91,5.31,8.14,18.20,8.33,12.56,27.80,24.98,ECI
15-2011.00,Actuaries,1.78,4.45,1.13,2.49,3.33,6.29,9.14,22.86,5.80,12.79,17.10,32.31,CIE
15-2021.00,Mathematicians,3.22,7.00,3.23,1.95,1.11,5.03,14.95,32.50,15.00,9.05,5.15,23.35,ICA
15-2031.00,Operations Research Analysts,1.90,6.26,2.18,2.02,3.14,5.76,8.94,29.44,10.25,9.50,14.77,27.09,ICE
15-2041.00,Statisticians,2.14,6.58,1.77,1.71,1.82,6.03,10.67,32.82,8.83,8.53,9.08,30.07,ICR
15-2041.01,Biostatisticians,2.43,7.00,2.80,3.11,1.98,4.40,11.19,32.23,12.89,14.32,9.12,20.26,ICS
15-2051.00,Data Scientists,2.17,6.98,2.61,1.66,1.71,5.39,10.58,34.02,12.72,8.09,8.33,26.27,ICA
15-2051.01,Business Intelligence Analysts,1.24,5.41,1.93,1.85,4.42,5.79,6.01,26.21,9.35,8.96,21.41,28.05,CIE
15-2051.02,Clinical Data Managers,1.25,5.66,1.27,2.82,3.30,6.58,5.99,27.11,6.08,13.51,15.80,31.51,CIE
15-2099.01,Bioinformatics Technicians,3.81,6.42,1.58,1.69,1.00,6.04,18.55,31.26,7.69,8.23,4.87,29.41,ICR
17-1011.00,"Architects, Except Landscape and Naval",4.92,3.88,4.13,2.53,3.65,4.44,20.89,16.48,17.54,10.74,15.50,18.85,RCA
17-1012.00,Landscape Architects,5.42,4.73,4.68,2.67,3.65,3.70,21.81,19.03,18.83,10.74,14.69,14.89,RIA
17-1021.00,Cartographers and Photogrammetrists,4.62,5.18,3.55,1.78,1.64,5.34,20.90,23.43,16.06,8.05,7.42,24.15,CIR
17-1022.00,Surveyors,5.25,4.73,2.12,1.63,1.88,5.29,25.12,22.63,10.14,7.80,9.00,25.31,CRI
17-1022.01,Geodetic Surveyors,5.50,5.40,1.54,1.74,1.61,5.29,26.09,25.62,7.31,8.25,7.64,25.09,RIC
17-2011.00,Aerospace Engineers,5.65,6.05,2.35,1.25,2.52,4.44,25.38,27.18,10.56,5.62,11.32,19.95,IRC
17-2021.00,Agricultural Engineers,6.65,6.29,2.19,1.73,2.31,3.77,28.99,27.42,9.55,7.54,10.07,16.43,RIC
17-2031.00,Bioengineers and Biomedical Engineers,5.44,6.75,2.11,2.45,1.84,4.48,23.58,29.26,9.15,10.62,7.98,19.42,IRC
17-2041.00,Chemical Engineers,6.27,5.75,1.80,1.02,1.85,4.54,29.53,27.08,8.48,4.80,8.71,21.38,RIC
17-2051.00,Civil Engineers,6.43,5.15,2.21,1.69,2.66,4.61,28.26,22.64,9.71,7.43,11.69,20.26,RIC
17-2051.01,Transportation Engineers,5.37,5.08,2.13,1.97,3.09,4.41,24.35,23.04,9.66,8.93,14.01,20.00,RIC
17-2051.02,Water/Wastewater Engineers,5.62,5.35,1.85,1.76,2.90,4.53,25.53,24.31,8.41,8.00,13.18,20.58,RIC
17-2061.00,Computer Hardware Engineers,5.69,5.56,1.83,1.82,1.98,5.37,25.57,24.99,8.22,8.18,8.90,24.13,RIC
17-2071.00,Electrical Engineers,6.02,5.45,2.12,1.72,2.44,4.43,27.14,24.57,9.56,7.75,11.00,19.97,RIC
17-2072.00,"Electronics Engineers, Except Computer",6.24,5.81,2.03,1.59,1.62,4.68,28.40,26.45,9.24,7.24,7.37,21.30,RIC
17-2072.01,Radio Frequency Identification Device Specialists,5.08,4.85,1.41,1.54,1.56,5.31,25.72,24.56,7.14,7.80,7.90,26.89,CRI
17-2081.00,Environmental Engineers,5.17,6.10,1.96,2.22,3.17,4.59,22.27,26.28,8.44,9.56,13.66,19.78,IRC
17-2111.00,"Health and Safety Engineers, Except Mining Safety Engineers and Inspectors",5.36,5.63,1.04,2.17,2.27,4.68,25.34,26.62,4.92,10.26,10.73,22.13,IRC
17-2111.02,Fire-Prevention and Protection Engineers,6.33,5.19,1.47,2.84,2.80,4.47,27.40,22.47,6.36,12.29,12.12,19.35,RIC
17-2112.00,Industrial Engineers,4.96,4.99,1.58,1.37,3.29,5.35,23.03,23.17,7.34,6.36,15.27,24.84,CIR
17-2112.01,Human Factors Engineers and Ergonomists,4.54,6.21,2.65,2.15,2.59,4.40,20.14,27.55,11.76,9.54,11.49,19.52,IRC
17-2112.02,Validation Engineers,4.85,5.56,1.48,1.43,2.02,5.07,23.76,27.24,7.25,7.01,9.90,24.84,ICR
17-2112.03,Manufacturing Engineers,5.27,4.53,2.22,1.60,3.09,4.41,24.95,21.45,10.51,7.58,14.63,20.88,RIC
17-2121.00,Marine Engineers and Naval Architects,5.74,5.71,2.62,1.27,3.26,4.31,25.05,24.92,11.44,5.54,14.23,18.81,RIC
17-2131.00,Materials Engineers,5.88,5.82,2.54,1.38,2.06,4.11,26.98,26.71,11.66,6.33,9.45,18.86,RIC
17-2141.00,Mechanical Engineers,6.39,5.12,2.02,1.22,1.97,4.83,29.65,23.76,9.37,5.66,9.14,22.41,RIC
17-2141.01,Fuel Cell Engineers,5.53,5.37,1.83,1.44,2.51,4.06,26.66,25.89,8.82,6.94,12.10,19.58,RIC
17-2141.02,Automotive Engineers,6.17,5.67,2.55,1.37,2.13,4.06,28.11,25.83,11.62,6.24,9.70,18.50,RIC
17-2151.00,"Mining and Geological Engineers, Including Mining Safety Engineers",6.08,5.58,1.55,1.84,2.75,4.64,27.09,24.87,6.91,8.20,12.25,20.68,RIC
17-2161.00,Nuclear Engineers,4.92,6.44,2.05,1.89,2.53,4.48,22.05,28.87,9.19,8.47,11.34,20.08,IRC
17-2171.00,Petroleum Engineers,5.37,5.33,1.92,1.78,3.04,4.32,24.68,24.49,8.82,8.18,13.97,19.85,RIC
17-2199.03,"Energy Engineers, Except Wind and Solar",5.20,4.69,2.03,2.24,3.09,4.40,24.02,21.66,9.38,10.35,14.27,20.32,RIC
17-2199.05,Mechatronics Engineers,5.68,5.55,2.43,1.58,1.72,4.84,26.06,25.46,11.15,7.25,7.89,22.20,RIC
17-2199.06,Microsystems Engineers,5.48,6.19,1.93,1.55,1.40,4.91,25.54,28.84,8.99,7.22,6.52,22.88,IRC
17-2199.07,Photonics Engineers,5.90,5.88,2.80,1.39,1.70,3.96,27.28,27.18,12.94,6.43,7.86,18.31,RIC
17-2199.08,Robotics Engineers,6.18,5.61,1.79,1.49,1.79,4.48,28.96,26.29,8.39,6.98,8.39,20.99,RIC
17-2199.09,Nanosystems Engineers,5.31,6.10,2.36,1.47,2.57,4.04,24.30,27.92,10.80,6.73,11.76,18.49,IRC
17-2199.10,Wind Energy Engineers,5.90,4.54,2.22,1.43,3.12,4.12,27.66,21.28,10.41,6.70,14.63,19.32,RIC
17-2199.11,Solar Energy Systems Engineers,5.97,5.02,2.11,1.90,3.05,3.96,27.12,22.81,9.59,8.63,13.86,17.99,RIC
17-3011.00,Architectural and Civil Drafters,5.54,4.23,4.48,1.55,1.53,4.89,24.93,19.04,20.16,6.98,6.89,22.01,RCA
17-3012.00,Electrical and Electronics Drafters,5.62,3.44,3.06,1.32,1.90,5.53,26.93,16.48,14.66,6.32,9.10,26.50,RCI
17-3013.00,Mechanical Drafters,5.96,3.79,3.62,1.21,1.36,4.85,28.67,18.23,17.41,5.82,6.54,23.33,RCI
17-3021.00,Aerospace Engineering and Operations Technologists and Technicians,6.47,5.11,1.00,1.00,1.44,5.31,31.82,25.14,4.92,4.92,7.08,26.12,RCI
17-3022.00,Civil Engineering Technologists and Technicians,5.75,5.37,2.88,1.55,2.00,5.27,25.20,23.53,12.62,6.79,8.76,23.09,RIC
17-3023.00,Electrical and Electronic Engineering Technologists and Technicians,6.26,5.20,1.76,1.78,1.31,5.00,29.38,24.40,8.26,8.35,6.15,23.46,RIC
17-3024.00,Electro-Mechanical and Mechatronics Technologists and Technicians,7.00,4.38,1.38,1.00,1.00,4.58,36.19,22.65,7.14,5.17,5.17,23.68,RCI
17-3024.01,Robotics Technicians,6.94,3.88,1.00,1.13,1.37,4.67,36.55,20.43,5.27,5.95,7.21,24.59,RCI
17-3025.00,Environmental Engineering Technologists and Technicians,6.28,5.90,1.73,1.46,1.32,4.80,29.22,27.45,8.05,6.79,6.14,22.34,RIC
17-3026.00,Industrial Engineering Technologists and Technicians,5.34,5.13,1.22,1.44,2.31,5.20,25.87,24.85,5.91,6.98,11.19,25.19,RCI
17-3026.01,Nanotechnology Engineering Technologists and Technicians,6.16,4.98,1.55,1.05,2.01,4.83,29.93,24.20,7.53,5.10,9.77,23.47,RIC
17-3027.00,Mechanical Engineering Technologists and Technicians,6.26,5.37,2.19,1.19,1.08,4.76,30.02,25.76,10.50,5.71,5.18,22.83,RIC
17-3027.01,Automotive Engineering Technicians,7.00,5.37,1.41,1.00,1.25,4.45,34.18,26.22,6.88,4.88,6.10,21.73,RIC
17-3028.00,Calibration Technologists and Technicians,6.30,4.13,1.12,1.56,1.00,5.59,31.98,20.96,5.69,7.92,5.08,28.38,RCI
17-3029.01,Non-Destructive Testing Specialists,6.41,4.97,1.34,1.40,1.00,4.56,32.57,25.25,6.81,7.11,5.08,23.17,RIC
17-3029.08,Photonics Technicians,7.00,4.18,1.00,1.00,1.00,5.46,35.64,21.28,5.09,5.09,5.09,27.80,RCI
17-3031.00,Surveying and Mapping Technicians,5.94,4.03,1.91,1.00,1.00,5.63,30.45,20.66,9.79,5.13,5.13,28.86,RCI
19-1011.00,Animal Scientists,5.24,6.93,1.96,1.97,2.40,3.36,23.97,31.70,8.97,9.01,10.98,15.37,IRC
19-1012.00,Food Scientists and Technologists,5.05,5.71,2.45,2.16,2.58,3.95,23.06,26.07,11.19,9.86,11.78,18.04,IRC
19-1013.00,Soil and Plant Scientists,6.43,6.71,2.11,1.67,1.71,3.41,29.17,30.44,9.57,7.58,7.76,15.47,IRC
19-1021.00,Biochemists and Biophysicists,5.11,7.00,2.61,2.15,1.83,3.64,22.87,31.33,11.68,9.62,8.19,16.29,IRC
19-1022.00,Microbiologists,5.29,7.00,1.92,1.98,1.07,3.85,25.06,33.16,9.10,9.38,5.07,18.24,IRC
19-1023.00,Zoologists and Wildlife Biologists,5.43,6.99,2.31,2.55,2.33,3.70,23.29,29.99,9.91,10.94,10.00,15.87,IRC
19-1029.01,Bioinformatics Scientists,3.81,7.00,2.51,1.64,1.26,5.04,17.92,32.93,11.81,7.71,5.93,23.71,ICR
19-1029.02,Molecular and Cellular Biologists,5.03,6.66,1.95,2.27,2.58,5.10,21.32,28.23,8.27,9.62,10.94,21.62,ICR
19-1029.03,Geneticists,4.05,7.00,2.95,2.91,1.61,4.78,17.38,30.04,12.66,12.49,6.91,20.52,ICR
19-1029.04,Biologists,4.11,7.00,2.40,2.62,2.76,4.45,17.61,29.99,10.28,11.23,11.83,19.07,ICR
19-1031.00,Conservation Scientists,5.15,5.70,1.97,2.87,3.16,3.98,22.56,24.97,8.63,12.57,13.84,17.43,IRC
19-1031.02,Range Managers,5.76,5.02,1.47,2.42,4.39,3.68,25.33,22.08,6.46,10.64,19.31,16.18,RIE
19-1031.03,Park Naturalists,4.38,4.24,3.74,4.87,3.46,3.43,18.16,17.58,15.51,20.19,14.34,14.22,SRI
19-1032.00,Foresters,5.32,4.48,1.25,2.30,3.78,4.39,24.72,20.82,5.81,10.69,17.57,20.40,RIC
19-1041.00,Epidemiologists,2.82,7.00,2.19,4.11,2.37,3.63,12.75,31.65,9.90,18.58,10.71,16.41,ISC
19-1042.00,"Medical Scientists, Except Epidemiologists",4.27,7.00,2.42,3.29,2.22,3.70,18.65,30.57,10.57,14.37,9.69,16.16,IRC
19-2011.00,Astronomers,5.07,7.00,3.28,2.71,1.87,4.04,21.15,29.20,13.68,11.31,7.80,16.85,IRC
19-2012.00,Physicists,4.94,7.00,2.75,2.12,1.77,4.80,21.13,29.94,11.76,9.07,7.57,20.53,IRC
19-2021.00,Atmospheric and Space Scientists,4.77,6.26,2.72,2.49,2.68,4.45,20.41,26.79,11.64,10.65,11.47,19.04,IRC
19-2031.00,Chemists,5.67,6.71,1.52,1.14,1.60,4.81,26.43,31.28,7.09,5.31,7.46,22.42,IRC
19-2032.00,Materials Scientists,5.82,6.59,2.17,1.39,1.86,4.15,26.48,29.98,9.87,6.32,8.46,18.88,IRC
19-2041.00,"Environmental Scientists and Specialists, Including Health",4.76,7.00,1.87,2.75,2.56,4.32,20.46,30.09,8.04,11.82,11.01,18.57,IRC
19-2041.01,Climate Change Policy Analysts,1.37,6.73,3.11,3.17,4.69,4.06,5.92,29.10,13.45,13.71,20.28,17.55,IEC
19-2041.02,Environmental Restoration Planners,5.31,6.25,2.24,2.12,3.63,4.13,22.42,26.39,9.46,8.95,15.33,17.44,IRC
19-2041.03,Industrial Ecologists,4.62,7.00,2.14,1.95,3.04,3.98,20.33,30.80,9.41,8.58,13.37,17.51,IRC
19-2042.00,"Geoscientists, Except Hydrologists and Geographers",5.59,7.00,2.72,2.24,1.65,4.16,23.93,29.97,11.64,9.59,7.06,17.81,IRC
19-2043.00,Hydrologists,5.84,6.41,1.63,2.14,2.29,4.31,25.82,28.34,7.21,9.46,10.12,19.05,IRC
19-2099.01,Remote Sensing Scientists and Technologists,4.86,6.09,1.93,1.27,1.44,4.81,23.82,29.85,9.46,6.23,7.06,23.58,IRC
19-3011.00,Economists,1.35,7.00,2.43,2.40,3.93,4.53,6.24,32.35,11.23,11.09,18.16,20.93,ICE
19-3011.01,Environmental Economists,2.74,7.00,2.53,2.28,4.11,4.08,12.05,30.78,11.13,10.03,18.07,17.94,IEC
19-3022.00,Survey Researchers,1.68,6.11,2.31,2.34,3.02,5.25,8.11,29.50,11.15,11.30,14.58,25.35,ICE
19-3032.00,Industrial-Organizational Psychologists,1.05,5.34,3.13,3.99,4.71,4.28,4.67,23.73,13.91,17.73,20.93,19.02,IEC
19-3033.00,Clinical and Counseling Psychologists,1.05,5.58,3.06,6.57,2.65,3.49,4.69,24.91,13.66,29.33,11.83,15.58,SIC
19-3034.00,School Psychologists,1.00,5.00,3.31,6.77,2.82,4.01,4.36,21.82,14.45,29.55,12.31,17.50,SIC
19-3039.02,Neuropsychologists,2.63,7.00,3.28,5.29,1.69,3.32,11.33,30.16,14.13,22.79,7.28,14.30,ISC
19-3039.03,Clinical Neuropsychologists,2.82,7.00,2.40,5.69,2.07,3.49,12.02,29.83,10.23,24.24,8.82,14.87,ISC
19-3041.00,Sociologists,1.56,6.50,3.99,4.36,3.08,3.60,6.76,28.15,17.28,18.88,13.34,15.59,ISA
19-3051.00,Urban and Regional Planners,3.22,5.31,3.06,3.03,4.46,3.96,13.98,23.05,13.28,13.15,19.36,17.19,IEC
19-3091.00,Anthropologists and Archeologists,3.99,6.84,4.21,3.67,1.63,3.19,16.96,29.07,17.89,15.60,6.93,13.56,IAR
19-3092.00,Geographers,5.11,6.74,3.69,2.72,2.10,3.69,21.25,28.02,15.34,11.31,8.73,15.34,IRA
19-3093.00,Historians,2.39,5.32,3.70,3.22,2.35,4.87,10.94,24.35,16.93,14.74,10.76,22.29,ICA
19-3094.00,Political Scientists,1.00,6.71,3.87,3.42,3.61,3.52,4.52,30.32,17.49,15.45,16.31,15.91,IAE
19-3099.01,Transportation Planners,3.59,5.60,2.01,1.76,3.14,4.87,17.12,26.70,9.59,8.39,14.97,23.22,ICR
19-4012.00,Agricultural Technicians,6.82,4.57,1.00,1.46,1.99,4.26,33.93,22.74,4.98,7.26,9.90,21.19,RIC
19-4012.01,Precision Agriculture Technicians,6.46,5.40,1.23,1.39,2.11,4.95,29.99,25.07,5.71,6.45,9.80,22.98,RIC
19-4013.00,Food Science Technicians,5.57,4.51,1.33,1.73,1.96,5.04,27.66,22.39,6.60,8.59,9.73,25.02,RCI
19-4021.00,Biological Technicians,5.60,5.36,1.20,1.97,1.31,5.62,26.59,25.45,5.70,9.35,6.22,26.69,CRI
19-4031.00,Chemical Technicians,5.45,5.80,1.51,1.64,1.13,5.25,26.23,27.91,7.27,7.89,5.44,25.26,IRC
19-4042.00,"Environmental Science and Protection Technicians, Including Health",5.83,5.60,1.23,1.93,1.35,4.93,27.93,26.83,5.89,9.25,6.47,23.62,RIC
19-4043.00,"Geological Technicians, Except Hydrologic Technicians",5.60,5.18,1.28,1.46,1.11,5.34,28.04,25.94,6.41,7.31,5.56,26.74,RCI
19-4044.00,Hydrologic Technicians,5.48,4.92,1.00,1.68,1.47,5.28,27.63,24.81,5.04,8.47,7.41,26.63,RCI
19-4051.00,Nuclear Technicians,5.75,4.57,1.00,1.83,2.26,5.07,28.08,22.31,4.88,8.94,11.04,24.76,RCI
19-4051.02,Nuclear Monitoring Technicians,6.10,4.43,1.00,1.90,1.53,5.51,29.80,21.64,4.89,9.28,7.47,26.92,RCI
19-4061.00,Social Science Research Assistants,2.38,6.08,1.89,2.67,2.27,5.93,11.22,28.65,8.91,12.58,10.70,27.95,ICS
19-4071.00,Forest and Conservation Technicians,6.53,4.37,1.00,2.81,2.47,4.72,29.82,19.95,4.57,12.83,11.28,21.55,RCI
19-4092.00,Forensic Science Technicians,5.18,5.94,1.77,1.50,1.59,4.98,24.71,28.34,8.44,7.16,7.59,23.76,IRC
19-4099.01,Quality Control Analysts,4.11,4.88,1.00,1.21,2.60,6.00,20.76,24.65,5.05,6.11,13.13,30.30,CIR
19-4099.03,Remote Sensing Technicians,5.10,4.60,2.14,1.51,1.71,5.24,25.12,22.66,10.54,7.44,8.42,25.81,CRI
19-5011.00,Occupational Health and Safety Specialists,4.45,4.98,1.28,3.45,3.20,4.70,20.17,22.57,5.80,15.64,14.51,21.31,ICR
19-5012.00,Occupational Health and Safety Technicians,5.35,4.88,1.00,2.87,2.64,5.56,23.99,21.88,4.48,12.87,11.84,24.93,CRI
21-1011.00,Substance Abuse and Behavioral Disorder Counselors,1.59,3.81,2.59,6.66,2.71,3.16,7.75,18.57,12.62,32.46,13.21,15.40,SIC
21-1012.00,"Educational, Guidance, and Career Counselors and Advisors",1.00,3.30,3.13,7.00,3.92,4.09,4.46,14.71,13.95,31.19,17.47,18.23,SCE
21-1013.00,Marriage and Family Therapists,1.49,5.32,3.58,6.22,1.78,2.90,7.00,24.99,16.82,29.22,8.36,13.62,SIA
21-1014.00,Mental Health Counselors,1.31,4.42,3.06,6.79,2.96,3.43,5.96,20.12,13.93,30.91,13.47,15.61,SIC
21-1015.00,Rehabilitation Counselors,1.23,3.27,2.98,6.80,3.56,3.26,5.83,15.50,14.12,32.23,16.87,15.45,SEI
21-1021.00,"Child, Family, and School Social Workers",1.70,3.32,2.90,6.85,2.94,3.57,7.99,15.60,13.63,32.19,13.82,16.78,SCI
21-1022.00,Healthcare Social Workers,1.96,4.24,2.34,6.92,2.55,3.07,9.30,20.11,11.10,32.83,12.10,14.56,SIC
21-1023.00,Mental Health and Substance Abuse Social Workers,1.71,4.08,2.78,6.97,2.46,3.12,8.10,19.32,13.16,33.00,11.65,14.77,SIC
21-1091.00,Health Education Specialists,1.66,5.29,2.54,6.15,3.21,3.95,7.28,23.20,11.14,26.97,14.08,17.32,SIC
21-1092.00,Probation Officers and Correctional Treatment Specialists,2.35,3.44,2.15,5.56,3.92,4.18,10.88,15.93,9.95,25.74,18.15,19.35,SCE
21-1093.00,Social and Human Service Assistants,1.28,2.80,1.95,6.09,3.61,4.57,6.31,13.79,9.61,30.00,17.78,22.51,SCE
21-1094.00,Community Health Workers,2.00,3.49,2.22,6.58,3.53,3.38,9.43,16.46,10.47,31.04,16.65,15.94,SEI
21-2011.00,Clergy,2.10,2.11,3.44,5.91,4.17,2.89,10.18,10.23,16.68,28.66,20.22,14.02,SEA
21-2021.00,"Directors, Religious Activities and Education",1.00,2.71,3.38,7.00,6.16,3.16,4.27,11.58,14.44,29.90,26.31,13.50,SEA
23-1011.00,Lawyers,1.12,4.38,2.40,3.48,5.51,4.59,5.21,20.39,11.17,16.20,25.65,21.37,ECI
23-1012.00,Judicial Law Clerks,1.60,4.01,2.07,3.38,4.51,5.10,7.74,19.40,10.01,16.35,21.82,24.67,CEI
23-1021.00,"Administrative Law Judges, Adjudicators, and Hearing Officers",1.00,4.01,1.73,3.05,5.11,5.49,4.90,19.67,8.48,14.96,25.06,26.92,CEI
23-1022.00,"Arbitrators, Mediators, and Conciliators",1.12,3.61,2.25,4.24,4.63,4.33,5.55,17.89,11.15,21.01,22.94,21.46,ECS
23-1023.00,"Judges, Magistrate Judges, and Magistrates",2.33,3.81,2.19,3.96,5.27,4.11,10.75,17.58,10.11,18.27,24.32,18.97,ECS
23-2011.00,Paralegals and Legal Assistants,1.74,5.04,2.24,3.12,3.92,5.28,8.15,23.62,10.50,14.62,18.37,24.74,CIE
23-2093.00,"Title Examiners, Abstractors, and Searchers",2.44,2.63,1.11,2.34,3.44,6.74,13.05,14.06,5.94,12.51,18.40,36.04,CEI
25-1011.00,"Business Teachers, Postsecondary",2.00,4.85,3.20,6.43,3.83,3.77,8.31,20.14,13.29,26.70,15.91,15.66,SIE
25-1021.00,"Computer Science Teachers, Postsecondary",3.09,5.69,3.32,5.88,2.26,3.97,12.76,23.50,13.71,24.29,9.33,16.40,SIC
25-1022.00,"Mathematical Science Teachers, Postsecondary",2.81,5.86,3.20,6.19,1.94,4.38,11.53,24.04,13.13,25.39,7.96,17.97,SIC
25-1031.00,"Architecture Teachers, Postsecondary",3.43,5.13,4.48,6.77,2.46,3.20,13.47,20.14,17.59,26.58,9.66,12.56,SIA
25-1032.00,"Engineering Teachers, Postsecondary",4.84,5.39,3.16,5.77,2.01,3.44,19.67,21.90,12.84,23.45,8.17,13.98,SIR
25-1041.00,"Agricultural Sciences Teachers, Postsecondary",3.97,5.36,2.92,6.24,2.61,3.51,16.13,21.78,11.87,25.36,10.61,14.26,SIR
25-1042.00,"Biological Science Teachers, Postsecondary",3.96,5.88,3.30,6.25,2.04,3.65,15.79,23.44,13.16,24.92,8.13,14.55,SIR
25-1043.00,"Forestry and Conservation Science Teachers, Postsecondary",3.97,5.91,3.15,6.47,2.42,3.34,15.72,23.40,12.47,25.61,9.58,13.22,SIR
25-1051.00,"Atmospheric, Earth, Marine, and Space Sciences Teachers, Postsecondary",4.00,5.61,3.14,6.51,2.37,3.60,15.85,22.24,12.45,25.80,9.39,14.27,SIR
25-1052.00,"Chemistry Teachers, Postsecondary",4.05,5.82,2.95,5.71,2.09,3.78,16.60,23.85,12.09,23.40,8.57,15.49,ISR
25-1053.00,"Environmental Science Teachers, Postsecondary",3.71,6.34,3.37,6.25,2.49,3.42,14.50,24.78,13.17,24.43,9.73,13.37,ISR
25-1054.00,"Physics Teachers, Postsecondary",3.77,5.98,3.28,6.06,2.35,3.64,15.03,23.84,13.08,24.16,9.37,14.51,SIR
25-1061.00,"Anthropology and Archeology Teachers, Postsecondary",3.46,5.96,3.57,6.75,2.47,3.29,13.57,23.37,14.00,26.47,9.69,12.90,SIA
25-1062.00,"Area, Ethnic, and Cultural Studies Teachers, Postsecondary",3.05,5.31,3.84,6.92,3.00,3.03,12.13,21.11,15.27,27.51,11.93,12.05,SIA
25-1063.00,"Economics Teachers, Postsecondary",2.73,5.56,3.02,6.21,3.36,3.90,11.02,22.44,12.19,25.06,13.56,15.74,SIC
25-1064.00,"Geography Teachers, Postsecondary",3.24,5.65,3.69,6.76,2.61,3.67,12.65,22.05,14.40,26.39,10.19,14.32,SIA
25-1065.00,"Political Science Teachers, Postsecondary",1.95,5.47,3.72,6.87,3.25,3.02,8.03,22.53,15.32,28.29,13.39,12.44,SIA
25-1066.00,"Psychology Teachers, Postsecondary",2.13,5.59,3.86,7.00,2.32,3.30,8.80,23.10,15.95,28.93,9.59,13.64,SIA
25-1067.00,"Sociology Teachers, Postsecondary",2.57,5.71,3.58,6.70,2.53,3.27,10.55,23.44,14.70,27.50,10.39,13.42,SIA
25-1071.00,"Health Specialties Teachers, Postsecondary",3.27,5.43,3.00,7.00,1.99,3.52,13.51,22.43,12.39,28.91,8.22,14.54,SIC
25-1072.00,"Nursing Instructors and Teachers, Postsecondary",2.94,4.91,3.29,7.00,2.13,3.15,12.55,20.96,14.05,29.89,9.09,13.45,SIA
25-1081.00,"Education Teachers, Postsecondary",2.67,4.77,3.47,7.00,2.68,3.61,11.03,19.71,14.34,28.93,11.07,14.92,SIC
25-1082.00,"Library Science Teachers, Postsecondary",2.93,5.44,3.27,6.27,2.16,4.16,12.09,22.45,13.50,25.88,8.91,17.17,SIC
25-1111.00,"Criminal Justice and Law Enforcement Teachers, Postsecondary",2.40,4.88,3.33,6.85,3.37,3.56,9.84,20.01,13.65,28.09,13.82,14.60,SIC
25-1112.00,"Law Teachers, Postsecondary",2.41,5.35,3.39,6.46,3.49,3.72,9.71,21.56,13.66,26.03,14.06,14.99,SIC
25-1113.00,"Social Work Teachers, Postsecondary",2.20,5.03,3.86,7.00,2.85,3.02,9.18,20.99,16.11,29.22,11.89,12.60,SIA
25-1121.00,"Art, Drama, and Music Teachers, Postsecondary",3.03,4.14,5.73,6.99,2.12,2.61,12.31,16.82,23.27,28.39,8.61,10.60,SAI
25-1122.00,"Communications Teachers, Postsecondary",2.18,4.62,3.82,6.95,3.13,3.58,8.98,19.03,15.73,28.62,12.89,14.74,SIA
25-1123.00,"English Language and Literature Teachers, Postsecondary",2.28,4.78,4.19,7.00,2.43,3.49,9.43,19.78,17.34,28.96,10.05,14.44,SIA
25-1124.00,"Foreign Language and Literature Teachers, Postsecondary",2.11,4.52,4.06,7.00,2.52,3.53,8.89,19.04,17.10,29.49,10.61,14.87,SIA
25-1125.00,"History Teachers, Postsecondary",2.81,5.41,3.95,6.95,2.60,3.45,11.16,21.49,15.69,27.61,10.33,13.71,SIA
25-1126.00,"Philosophy and Religion Teachers, Postsecondary",2.46,5.14,3.76,7.00,2.77,3.48,10.00,20.89,15.28,28.44,11.26,14.14,SIA
25-1192.00,"Family and Consumer Sciences Teachers, Postsecondary",2.93,4.85,3.48,7.00,2.79,3.37,12.00,19.86,14.25,28.67,11.43,13.80,SIA
25-1193.00,"Recreation and Fitness Studies Teachers, Postsecondary",3.19,4.69,3.36,7.00,2.55,3.67,13.04,19.17,13.74,28.62,10.43,15.00,SIC
25-1194.00,"Career/Technical Education Teachers, Postsecondary",3.75,4.15,3.15,6.61,2.11,3.29,16.26,18.00,13.66,28.66,9.15,14.27,SIR
25-2011.00,"Preschool Teachers, Except Special Education",2.94,2.76,3.98,7.00,2.49,3.61,12.91,12.12,17.47,30.73,10.93,15.85,SAC
25-2012.00,"Kindergarten Teachers, Except Special Education",2.68,3.11,3.99,7.00,2.48,3.80,11.62,13.49,17.30,30.36,10.75,16.48,SAC
25-2021.00,"Elementary School Teachers, Except Special Education",2.64,3.35,3.87,7.00,2.57,3.78,11.37,14.43,16.67,30.16,11.07,16.29,SAC
25-2022.00,"Middle School Teachers, Except Special and Career/Technical Education",2.59,3.31,4.10,7.00,2.66,3.56,11.15,14.25,17.66,30.15,11.46,15.33,SAC
25-2023.00,"Career/Technical Education Teachers, Middle School",3.28,3.31,3.38,7.00,2.27,3.82,14.22,14.35,14.66,30.36,9.84,16.57,SCA
25-2031.00,"Secondary School Teachers, Except Special and Career/Technical Education",2.73,3.19,3.77,7.00,2.90,3.61,11.77,13.75,16.25,30.17,12.50,15.56,SAC
25-2032.00,"Career/Technical Education Teachers, Secondary School",2.86,3.38,3.46,7.00,2.52,3.92,12.36,14.61,14.95,30.25,10.89,16.94,SCA
25-2051.00,"Special Education Teachers, Preschool",2.70,3.49,3.98,7.00,1.70,3.18,12.24,15.83,18.05,31.75,7.71,14.42,SAI
25-2055.00,"Special Education Teachers, Kindergarten",2.55,3.80,3.65,7.00,1.73,3.67,11.38,16.96,16.29,31.25,7.72,16.38,SIC
25-2056.00,"Special Education Teachers, Elementary School",2.27,3.94,3.65,7.00,1.77,3.48,10.27,17.82,16.51,31.66,8.01,15.74,SIA
25-2057.00,"Special Education Teachers, Middle School",2.32,3.92,3.96,7.00,1.80,3.30,10.40,17.58,17.76,31.39,8.07,14.80,SAI
25-2058.00,"Special Education Teachers, Secondary School",2.39,3.81,3.76,7.00,1.93,3.52,10.66,17.00,16.78,31.24,8.61,15.71,SIA
25-2059.01,Adapted Physical Education Specialists,4.12,3.65,2.46,7.00,1.88,4.17,17.70,15.68,10.57,30.07,8.08,17.91,SCR
25-3011.00,"Adult Basic Education, Adult Secondary Education, and English as a Second Language Instructors",2.32,3.14,3.91,7.00,2.85,3.38,10.27,13.89,17.30,30.97,12.61,14.96,SAC
25-3021.00,Self-Enrichment Teachers,2.51,2.97,4.18,7.00,3.20,3.08,10.94,12.95,18.22,30.51,13.95,13.43,SAE
25-3031.00,"Substitute Teachers, Short-Term",2.19,2.52,3.43,6.73,2.45,3.65,10.44,12.02,16.36,32.09,11.68,17.41,SCA
25-3041.00,Tutors,2.28,2.85,3.07,6.75,1.74,3.35,11.38,14.22,15.32,33.68,8.68,16.72,SCA
25-4011.00,Archivists,2.88,4.72,2.89,2.96,1.83,5.97,13.55,22.21,13.60,13.93,8.61,28.09,CIS
25-4012.00,Curators,2.47,3.43,2.98,3.82,3.84,5.36,11.28,15.66,13.61,17.44,17.53,24.47,CES
25-4013.00,Museum Technicians and Conservators,5.67,3.21,3.14,2.64,1.51,4.58,27.33,15.47,15.13,12.72,7.28,22.07,RCI
25-4022.00,Librarians and Media Collections Specialists,2.32,3.63,2.65,4.04,2.75,5.83,10.93,17.11,12.49,19.04,12.96,27.47,CSI
25-4031.00,Library Technicians,3.08,2.70,1.59,4.07,1.88,6.52,15.52,13.61,8.01,20.51,9.48,32.86,CSR
25-9021.00,Farm and Home Management Educators,3.96,4.28,2.31,4.83,3.49,3.18,17.96,19.41,10.48,21.90,15.83,14.42,SIR
25-9031.00,Instructional Coordinators,1.62,4.04,3.56,6.16,4.26,3.98,6.86,17.10,15.07,26.08,18.04,16.85,SEI
25-9042.00,"Teaching Assistants, Preschool, Elementary, Middle, and Secondary School, Except Special Education",2.55,2.30,2.78,6.52,2.98,4.25,11.93,10.76,13.00,30.50,13.94,19.88,SCE
25-9043.00,"Teaching Assistants, Special Education",1.98,3.29,3.34,7.00,2.14,3.57,9.29,15.43,15.67,32.83,10.04,16.74,SCA
25-9044.00,"Teaching Assistants, Postsecondary",2.15,3.13,2.01,6.53,2.79,4.99,9.95,14.49,9.31,30.23,12.92,23.10,SCI
27-1011.00,Art Directors,2.95,2.69,7.00,2.88,5.24,3.60,12.11,11.04,28.74,11.82,21.51,14.78,AEC
27-1012.00,Craft Artists,5.89,1.85,5.93,1.68,2.86,2.66,28.22,8.86,28.41,8.05,13.70,12.75,ARE
27-1013.00,"Fine Artists, Including Painters, Sculptors, and Illustrators",4.05,2.68,7.00,2.28,2.37,2.34,19.55,12.93,33.78,11.00,11.44,11.29,ARI
27-1014.00,Special Effects Artists and Animators,3.71,2.77,7.00,2.18,2.62,3.13,17.33,12.94,32.70,10.18,12.24,14.62,ARC
27-1021.00,Commercial and Industrial Designers,4.62,4.06,5.54,1.84,3.70,3.47,19.89,17.48,23.85,7.92,15.93,14.94,ARI
27-1022.00,Fashion Designers,4.34,2.17,7.00,2.35,3.96,2.94,19.07,9.53,30.76,10.33,17.40,12.92,ARE
27-1023.00,Floral Designers,5.07,1.64,4.45,2.45,3.74,3.88,23.88,7.72,20.96,11.54,17.62,18.28,RAC
27-1024.00,Graphic Designers,3.38,2.86,7.00,2.16,3.43,3.92,14.86,12.57,30.77,9.49,15.08,17.23,ACE
27-1025.00,Interior Designers,4.12,3.07,5.56,2.68,3.70,3.82,17.95,13.38,24.23,11.68,16.12,16.64,ARC
27-1026.00,Merchandise Displayers and Window Trimmers,4.45,1.51,4.70,2.19,4.28,3.09,22.01,7.47,23.24,10.83,21.17,15.28,ARE
27-1027.00,Set and Exhibit Designers,3.70,2.75,6.69,3.04,3.93,3.27,15.83,11.76,28.61,13.00,16.81,13.99,AER
27-2011.00,Actors,2.29,2.16,7.00,4.08,4.00,1.81,10.73,10.12,32.80,19.12,18.74,8.48,ASE
27-2012.00,Producers and Directors,2.13,2.24,6.14,3.12,5.78,3.56,9.27,9.75,26.73,13.58,25.16,15.50,AEC
27-2012.03,Media Programming Directors,1.43,2.25,4.09,3.68,6.55,4.63,6.32,9.94,18.07,16.26,28.94,20.46,ECA
27-2012.04,Talent Directors,1.22,1.42,5.69,4.27,5.93,3.57,5.52,6.43,25.75,19.32,26.83,16.15,EAS
27-2012.05,Media Technical Directors/Managers,3.96,2.78,3.44,2.61,5.18,4.47,17.65,12.39,15.33,11.63,23.08,19.92,ECR
27-2021.00,Athletes and Sports Competitors,5.18,1.40,2.14,4.30,4.53,3.01,25.19,6.81,10.41,20.91,22.03,14.64,RES
27-2022.00,Coaches and Scouts,4.25,2.15,2.43,5.31,5.15,3.45,18.69,9.45,10.69,23.35,22.65,15.17,SER
27-2023.00,"Umpires, Referees, and Other Sports Officials",4.30,1.60,1.15,3.44,5.77,4.53,20.68,7.70,5.53,16.55,27.75,21.79,ECR
27-2031.00,Dancers,4.83,1.43,6.39,3.65,3.18,1.61,22.90,6.78,30.30,17.31,15.08,7.63,ARS
27-2032.00,Choreographers,3.63,2.22,7.00,3.96,3.77,2.13,15.98,9.78,30.82,17.44,16.60,9.38,ASE
27-2041.00,Music Directors and Composers,2.07,2.28,7.00,3.04,4.82,2.63,9.48,10.44,32.05,13.92,22.07,12.04,AES
27-2042.00,Musicians and Singers,2.87,1.53,6.66,3.41,3.42,2.17,14.31,7.63,33.20,17.00,17.05,10.82,AES
27-2091.00,"Disc Jockeys, Except Radio",3.00,1.55,4.82,2.93,3.55,3.50,15.50,8.01,24.91,15.14,18.35,18.09,AEC
27-3011.00,Broadcast Announcers and Radio Disc Jockeys,1.66,2.01,5.68,3.54,4.38,3.11,8.15,9.86,27.87,17.37,21.49,15.26,AES
27-3023.00,"News Analysts, Reporters, and Journalists",1.47,4.16,5.09,2.80,3.95,3.64,6.96,19.71,24.11,13.26,18.71,17.24,AIE
27-3031.00,Public Relations Specialists,1.00,2.72,4.68,3.94,5.82,3.45,4.63,12.59,21.66,18.23,26.93,15.96,EAS
27-3041.00,Editors,1.03,2.90,5.39,2.56,4.13,4.68,4.98,14.02,26.05,12.37,19.96,22.62,ACE
27-3042.00,Technical Writers,2.78,3.69,4.23,2.01,1.97,5.32,13.90,18.45,21.15,10.05,9.85,26.60,CAI
27-3043.00,Writers and Authors,1.00,3.25,6.68,2.86,4.75,3.34,4.57,14.85,30.53,13.07,21.71,15.27,AEC
27-3043.05,"Poets, Lyricists and Creative Writers",1.17,3.58,7.00,2.83,3.17,2.88,5.67,17.35,33.93,13.72,15.37,13.96,AIE
27-3091.00,Interpreters and Translators,1.89,3.19,4.28,3.48,1.90,4.79,9.68,16.33,21.92,17.82,9.73,24.53,CAS
27-3092.00,Court Reporters and Simultaneous Captioners,2.21,2.13,2.92,2.90,2.64,5.62,12.00,11.56,15.85,15.74,14.33,30.51,CAS
27-4011.00,Audio and Video Technicians,5.20,2.74,3.24,1.97,1.87,4.58,26.53,13.98,16.53,10.05,9.54,23.37,RCA
27-4012.00,Broadcast Technicians,4.80,2.99,2.82,2.13,2.50,5.14,23.55,14.67,13.84,10.45,12.27,25.22,CRI
27-4014.00,Sound Engineering Technicians,5.14,2.68,4.45,1.69,2.16,4.22,25.27,13.18,21.88,8.31,10.62,20.75,RAC
27-4015.00,Lighting Technicians,6.99,2.02,2.38,1.24,1.95,4.11,37.40,10.81,12.73,6.63,10.43,21.99,RCA
27-4021.00,Photographers,5.54,2.18,5.28,1.94,2.28,3.35,26.93,10.60,25.67,9.43,11.08,16.29,RAC
27-4031.00,"Camera Operators, Television, Video, and Film",4.89,2.00,5.04,1.80,2.28,3.65,24.87,10.17,25.64,9.16,11.60,18.57,ARC
27-4032.00,Film and Video Editors,3.14,1.91,5.61,1.96,3.08,3.75,16.14,9.82,28.84,10.08,15.84,19.28,ACR
29-1011.00,Chiropractors,5.53,4.77,1.34,5.56,2.13,3.55,24.17,20.85,5.86,24.30,9.31,15.52,SRI
29-1021.00,"Dentists, General",5.23,5.48,1.17,4.41,2.00,3.71,23.77,24.91,5.32,20.05,9.09,16.86,IRS
29-1022.00,Oral and Maxillofacial Surgeons,5.75,5.84,1.17,4.47,2.17,3.60,25.00,25.39,5.09,19.43,9.43,15.65,IRS
29-1023.00,Orthodontists,5.60,5.72,1.57,4.01,1.45,4.58,24.42,24.95,6.85,17.49,6.32,19.97,IRC
29-1024.00,Prosthodontists,6.17,5.54,1.78,4.59,1.43,3.22,27.14,24.37,7.83,20.19,6.29,14.17,RIS
29-1031.00,Dietitians and Nutritionists,3.03,4.80,2.40,5.50,3.42,3.35,13.47,21.33,10.67,24.44,15.20,14.89,SIE
29-1041.00,Optometrists,4.80,5.78,1.60,5.02,2.27,3.92,20.52,24.71,6.84,21.46,9.71,16.76,ISR
29-1051.00,Pharmacists,2.82,5.67,1.48,4.88,2.62,4.56,12.80,25.74,6.72,22.15,11.89,20.70,ISC
29-1071.00,Physician Assistants,4.00,4.94,1.16,5.89,1.98,4.46,17.83,22.02,5.17,26.26,8.83,19.88,SIC
29-1071.01,Anesthesiologist Assistants,4.40,4.62,1.00,4.90,1.89,5.10,20.08,21.09,4.56,22.36,8.63,23.28,CSI
29-1081.00,Podiatrists,5.29,5.77,1.72,4.94,2.14,3.27,22.87,24.95,7.44,21.36,9.25,14.14,IRS
29-1122.00,Occupational Therapists,3.57,4.23,3.07,6.08,1.83,3.12,16.30,19.32,14.02,27.76,8.36,14.25,SIR
29-1122.01,"Low Vision Therapists, Orientation and Mobility Specialists, and Vision Rehabilitation Therapists",3.93,3.89,3.20,6.52,2.12,2.83,17.47,17.30,14.23,28.99,9.43,12.58,SRI
29-1123.00,Physical Therapists,4.33,4.87,2.17,5.91,2.49,3.07,18.96,21.32,9.50,25.88,10.90,13.44,SIR
29-1124.00,Radiation Therapists,4.96,4.64,1.24,4.77,1.72,4.48,22.74,21.27,5.69,21.87,7.89,20.54,RSI
29-1125.00,Recreational Therapists,3.69,4.32,2.87,6.82,2.51,2.67,16.13,18.88,12.54,29.81,10.97,11.67,SIR
29-1126.00,Respiratory Therapists,5.03,4.73,1.00,4.88,1.68,3.93,23.67,22.26,4.71,22.96,7.91,18.49,RSI
29-1127.00,Speech-Language Pathologists,2.62,5.57,3.00,6.09,1.44,4.03,11.52,24.48,13.19,26.77,6.33,17.71,SIC
29-1128.00,Exercise Physiologists,5.26,4.92,1.49,4.74,2.99,3.75,22.72,21.25,6.44,20.48,12.92,16.20,RIS
29-1129.01,Art Therapists,2.99,3.67,5.49,5.64,2.32,2.86,13.02,15.98,23.90,24.55,10.10,12.45,SAI
29-1129.02,Music Therapists,2.36,4.18,4.76,5.23,2.51,3.15,10.64,18.84,21.45,23.57,11.31,14.20,SAI
29-1131.00,Veterinarians,5.98,5.98,1.00,3.45,1.70,3.47,27.71,27.71,4.63,15.99,7.88,16.08,RIC
29-1141.00,Registered Nurses,3.46,4.71,1.34,5.57,2.38,4.75,15.58,21.21,6.03,25.08,10.72,21.39,SCI
29-1141.01,Acute Care Nurses,3.70,5.66,1.75,5.80,1.76,3.32,16.83,25.74,7.96,26.38,8.00,15.10,SIR
29-1141.02,Advanced Practice Psychiatric Nurses,2.59,5.90,2.82,6.07,2.04,3.35,11.37,25.91,12.38,26.66,8.96,14.71,SIC
29-1141.03,Critical Care Nurses,3.91,5.02,1.70,5.56,2.20,4.23,17.29,22.19,7.52,24.58,9.73,18.70,SIC
29-1141.04,Clinical Nurse Specialists,2.34,4.86,1.81,6.23,3.69,4.04,10.19,21.16,7.88,27.12,16.06,17.59,SIC
29-1151.00,Nurse Anesthetists,4.78,5.06,1.00,5.35,1.96,4.15,21.43,22.69,4.48,23.99,8.79,18.61,SIR
29-1161.00,Nurse Midwives,3.24,4.25,1.94,5.96,2.97,3.40,14.89,19.53,8.92,27.39,13.65,15.62,SIC
29-1171.00,Nurse Practitioners,3.56,5.54,1.38,5.52,2.07,4.06,16.09,25.03,6.24,24.94,9.35,18.35,ISC
29-1181.00,Audiologists,3.98,5.93,2.18,5.92,1.81,3.97,16.73,24.93,9.16,24.88,7.61,16.69,ISR
29-1211.00,Anesthesiologists,5.18,5.73,1.17,5.25,2.50,3.69,22.02,24.36,4.97,22.32,10.63,15.69,ISR
29-1212.00,Cardiologists,4.96,6.87,1.15,4.73,2.28,4.00,20.68,28.64,4.79,19.72,9.50,16.67,IRS
29-1213.00,Dermatologists,4.81,6.44,1.87,4.65,1.77,3.83,20.58,27.56,8.00,19.90,7.57,16.39,IRS
29-1214.00,Emergency Medicine Physicians,4.15,5.64,1.00,5.60,2.68,4.22,17.82,24.22,4.29,24.04,11.51,18.12,ISC
29-1215.00,Family Medicine Physicians,3.75,6.08,1.45,6.21,2.34,3.95,15.77,25.57,6.10,26.11,9.84,16.61,SIC
29-1216.00,General Internal Medicine Physicians,4.43,6.81,1.44,6.08,2.10,3.63,18.09,27.81,5.88,24.83,8.57,14.82,ISR
29-1217.00,Neurologists,4.10,7.00,2.08,5.02,2.39,3.69,16.89,28.83,8.57,20.68,9.84,15.20,ISR
29-1218.00,Obstetricians and Gynecologists,4.59,5.50,1.45,5.45,2.74,3.72,19.57,23.45,6.18,23.24,11.68,15.86,ISR
29-1221.00,"Pediatricians, General",3.64,6.18,1.88,6.64,2.54,3.58,14.88,25.27,7.69,27.15,10.38,14.64,SIR
29-1222.00,"Physicians, Pathologists",4.86,7.00,1.36,3.60,1.76,4.72,20.86,30.04,5.84,15.45,7.55,20.26,IRC
29-1223.00,Psychiatrists,2.30,6.59,2.65,5.83,1.95,3.60,10.03,28.75,11.56,25.44,8.51,15.71,ISC
29-1224.00,Radiologists,4.89,6.62,1.37,3.85,2.17,4.47,20.92,28.33,5.86,16.47,9.29,19.13,IRC
29-1229.01,Allergists and Immunologists,3.84,6.95,1.85,5.30,2.20,3.67,16.13,29.19,7.77,22.26,9.24,15.41,ISR
29-1229.02,Hospitalists,3.55,4.58,1.64,6.27,3.14,3.90,15.38,19.84,7.11,27.17,13.60,16.90,SIC
29-1229.03,Urologists,4.85,6.85,1.31,5.45,2.22,3.43,20.12,28.41,5.43,22.60,9.21,14.23,ISR
29-1229.04,Physical Medicine and Rehabilitation Physicians,4.92,6.26,1.87,6.00,1.69,3.00,20.72,26.37,7.88,25.27,7.12,12.64,ISR
29-1229.05,Preventive Medicine Physicians,3.37,6.70,1.88,5.43,2.37,3.39,14.56,28.95,8.12,23.47,10.24,14.65,ISC
29-1229.06,Sports Medicine Physicians,5.19,5.36,1.20,5.27,3.34,3.52,21.73,22.45,5.03,22.07,13.99,14.74,ISR
29-1241.00,"Ophthalmologists, Except Pediatric",4.40,6.24,1.70,5.46,2.98,3.72,17.96,25.47,6.94,22.29,12.16,15.18,ISR
29-1242.00,"Orthopedic Surgeons, Except Pediatric",5.08,6.50,1.48,4.82,2.36,3.91,21.04,26.92,6.13,19.96,9.77,16.19,IRS
29-1243.00,Pediatric Surgeons,4.95,6.52,1.55,4.99,2.43,3.91,20.33,26.78,6.37,20.49,9.98,16.06,ISR
29-1291.00,Acupuncturists,4.80,5.49,2.08,5.65,1.60,3.06,21.16,24.21,9.17,24.91,7.05,13.49,SIR
29-1292.00,Dental Hygienists,5.27,4.52,1.12,5.35,1.73,4.31,23.63,20.27,5.02,23.99,7.76,19.33,SRI
29-1299.01,Naturopathic Physicians,4.53,5.89,1.81,5.73,1.98,3.25,19.53,25.40,7.81,24.71,8.54,14.01,ISR
29-1299.02,Orthoptists,4.88,5.74,1.88,4.77,1.47,3.82,21.63,25.44,8.33,21.14,6.52,16.93,IRS
29-2011.00,Medical and Clinical Laboratory Technologists,5.81,6.15,1.13,2.77,1.51,4.99,25.98,27.50,5.05,12.39,6.75,22.32,IRC
29-2011.01,Cytogenetic Technologists,5.32,5.91,1.48,1.93,1.56,5.02,25.07,27.85,6.97,9.10,7.35,23.66,IRC
29-2011.02,Cytotechnologists,5.92,6.06,1.10,2.41,1.84,4.89,26.64,27.27,4.95,10.85,8.28,22.01,IRC
29-2011.04,Histotechnologists,5.72,6.56,1.31,2.89,1.05,5.16,25.21,28.91,5.77,12.74,4.63,22.74,IRC
29-2012.00,Medical and Clinical Laboratory Technicians,6.01,5.89,1.00,2.88,1.00,4.85,27.79,27.23,4.62,13.31,4.62,22.42,RIC
29-2012.01,Histology Technicians,6.29,5.37,1.26,2.12,1.00,5.03,29.85,25.49,5.98,10.06,4.75,23.87,RIC
29-2031.00,Cardiovascular Technologists and Technicians,5.61,5.31,1.00,4.25,1.30,4.70,25.30,23.95,4.51,19.17,5.86,21.20,RIC
29-2032.00,Diagnostic Medical Sonographers,5.87,4.75,1.32,4.10,1.51,5.05,25.97,21.02,5.84,18.14,6.68,22.35,RCI
29-2033.00,Nuclear Medicine Technologists,5.99,5.57,1.00,3.08,1.31,5.20,27.04,25.15,4.51,13.91,5.91,23.48,RIC
29-2034.00,Radiologic Technologists and Technicians,5.90,4.88,1.00,3.41,1.00,5.08,27.74,22.94,4.70,16.03,4.70,23.88,RCI
29-2035.00,Magnetic Resonance Imaging Technologists,5.46,4.79,1.00,3.51,1.27,4.93,26.05,22.85,4.77,16.75,6.06,23.52,RCI
29-2036.00,Medical Dosimetrists,4.57,5.30,1.32,3.57,2.21,5.00,20.80,24.12,6.01,16.25,10.06,22.76,ICR
29-2042.00,Emergency Medical Technicians,5.46,4.57,1.00,5.56,1.56,3.76,24.92,20.86,4.56,25.38,7.12,17.16,SRI
29-2043.00,Paramedics,5.20,5.03,1.00,5.49,1.91,3.42,23.58,22.81,4.54,24.90,8.66,15.51,SRI
29-2051.00,Dietetic Technicians,3.81,3.45,2.54,5.05,2.57,3.82,17.94,16.24,11.96,23.78,12.10,17.98,SCR
29-2052.00,Pharmacy Technicians,4.21,2.99,1.00,3.32,2.52,7.00,20.01,14.21,4.75,15.78,11.98,33.27,CRS
29-2053.00,Psychiatric Technicians,3.29,4.57,2.12,6.93,1.46,3.46,15.07,20.93,9.71,31.75,6.69,15.85,SIC
29-2055.00,Surgical Technologists,6.26,3.22,1.00,3.82,1.61,4.85,30.15,15.51,4.82,18.40,7.76,23.36,RCS
29-2056.00,Veterinary Technologists and Technicians,6.71,5.26,1.00,3.02,1.00,4.56,31.14,24.41,4.64,14.01,4.64,21.16,RIC
29-2057.00,Ophthalmic Medical Technicians,5.33,4.81,1.00,4.64,1.75,4.41,24.29,21.92,4.56,21.15,7.98,20.10,RIS
29-2061.00,Licensed Practical and Licensed Vocational Nurses,4.58,3.67,1.05,5.50,2.13,4.58,21.29,17.06,4.88,25.57,9.90,21.29,SRC
29-2072.00,Medical Records Specialists,2.86,4.33,1.00,3.41,1.88,6.95,14.00,21.19,4.89,16.69,9.20,34.02,CIS
29-2081.00,"Opticians, Dispensing",4.35,2.28,1.41,3.05,3.33,5.43,21.91,11.49,7.10,15.37,16.78,27.36,CRE
29-2091.00,Orthotists and Prosthetists,6.00,5.10,1.99,4.30,1.56,3.58,26.63,22.64,8.83,19.09,6.92,15.89,RIS
29-2092.00,Hearing Aid Specialists,3.87,4.38,1.73,4.55,1.73,4.40,18.73,21.20,8.37,22.02,8.37,21.30,SCI
29-2099.01,Neurodiagnostic Technologists,5.32,5.81,1.41,3.71,1.42,4.47,24.03,26.24,6.37,16.76,6.41,20.19,IRC
29-2099.05,Ophthalmic Medical Technologists,5.41,4.71,1.12,4.32,2.02,4.73,24.25,21.11,5.02,19.36,9.05,21.20,RCI
29-2099.08,Patient Representatives,1.27,4.06,1.59,6.62,3.12,3.83,6.20,19.81,7.76,32.31,15.23,18.69,SIC
29-9021.00,Health Information Technologists and Medical Registrars,2.58,5.17,1.18,3.83,2.20,5.95,12.34,24.73,5.64,18.32,10.52,28.46,CIS
29-9091.00,Athletic Trainers,5.63,4.40,1.15,5.75,2.24,3.22,25.15,19.65,5.14,25.68,10.00,14.38,SRI
29-9092.00,Genetic Counselors,1.66,5.86,2.34,5.45,2.73,3.89,7.57,26.72,10.67,24.85,12.45,17.74,ISC
29-9093.00,Surgical Assistants,5.70,3.45,1.00,3.84,1.78,4.40,28.26,17.10,4.96,19.04,8.82,21.81,RCS
29-9099.01,Midwives,3.98,3.54,1.91,6.04,2.70,3.26,18.57,16.52,8.91,28.18,12.60,15.21,SRI
31-1121.00,Home Health Aides,4.23,3.18,1.48,6.33,1.77,3.51,20.63,15.51,7.22,30.88,8.63,17.12,SRC
31-1122.00,Personal Care Aides,3.51,1.80,1.79,6.19,2.55,3.92,17.76,9.11,9.06,31.33,12.90,19.84,SCR
31-1131.00,Nursing Assistants,4.58,2.72,1.00,5.70,1.77,4.24,22.89,13.59,5.00,28.49,8.85,21.19,SRC
31-1132.00,Orderlies,5.42,2.05,1.00,4.17,1.19,4.84,29.03,10.98,5.36,22.34,6.37,25.92,RCS
31-1133.00,Psychiatric Aides,3.44,4.04,1.83,6.81,1.68,3.74,15.97,18.76,8.50,31.62,7.80,17.36,SIC
31-2011.00,Occupational Therapy Assistants,3.53,3.48,2.06,6.10,1.14,4.21,17.20,16.96,10.04,29.73,5.56,20.52,SCR
31-2012.00,Occupational Therapy Aides,3.91,2.55,1.69,6.00,1.82,3.72,19.86,12.95,8.58,30.47,9.24,18.89,SRC
31-2021.00,Physical Therapist Assistants,4.45,3.65,1.53,6.41,1.31,3.76,21.08,17.29,7.25,30.36,6.21,17.81,SRC
31-2022.00,Physical Therapist Aides,4.74,2.58,1.07,5.95,2.06,3.92,23.33,12.70,5.27,29.28,10.14,19.29,SRC
31-9011.00,Massage Therapists,4.84,3.79,2.23,5.75,2.10,2.66,22.65,17.74,10.44,26.91,9.83,12.45,SRI
31-9091.00,Dental Assistants,4.48,3.55,1.00,4.37,1.34,5.43,22.21,17.60,4.96,21.67,6.64,26.92,CRS
31-9092.00,Medical Assistants,4.06,3.80,1.00,4.80,1.98,5.75,18.98,17.77,4.68,22.44,9.26,26.88,CSR
31-9093.00,Medical Equipment Preparers,6.77,3.42,1.00,2.36,1.00,5.53,33.72,17.03,4.98,11.75,4.98,27.54,RCI
31-9094.00,Medical Transcriptionists,2.47,3.60,1.74,3.69,1.26,6.25,12.99,18.94,9.15,19.41,6.63,32.88,CSI
31-9095.00,Pharmacy Aides,3.75,1.57,1.00,3.11,3.84,6.79,18.69,7.83,4.99,15.50,19.14,33.85,CER
31-9096.00,Veterinary Assistants and Laboratory Animal Caretakers,6.33,4.25,1.00,3.51,1.00,3.96,31.57,21.20,4.99,17.51,4.99,19.75,RIC
31-9097.00,Phlebotomists,5.44,4.69,1.00,3.60,1.40,5.42,25.24,21.76,4.64,16.71,6.50,25.15,RCI
31-9099.01,Speech-Language Pathology Assistants,2.47,4.37,2.65,5.48,1.53,5.00,11.49,20.33,12.33,25.49,7.12,23.26,SCI
31-9099.02,Endoscopy Technicians,6.46,4.09,1.00,3.00,1.07,5.14,31.12,19.70,4.82,14.45,5.15,24.76,RCI
33-1011.00,First-Line Supervisors of Correctional Officers,3.58,1.80,1.00,4.54,6.32,5.06,16.05,8.07,4.48,20.36,28.34,22.69,ECS
33-1012.00,First-Line Supervisors of Police and Detectives,3.45,2.34,1.01,3.78,6.88,5.09,15.30,10.38,4.48,16.76,30.51,22.57,ECS
33-1021.00,First-Line Supervisors of Firefighting and Prevention Workers,5.14,2.26,1.00,3.72,6.15,4.66,22.42,9.86,4.36,16.22,26.82,20.32,ERC
33-1091.00,First-Line Supervisors of Security Workers,4.38,1.82,1.00,3.57,5.95,5.10,20.07,8.34,4.58,16.36,27.27,23.37,ECR
33-2011.00,Firefighters,6.49,2.92,1.31,3.39,3.01,3.47,31.52,14.18,6.36,16.46,14.62,16.85,RCS
33-2021.00,Fire Inspectors and Investigators,5.49,4.33,1.02,2.59,3.32,5.18,25.03,19.74,4.65,11.81,15.14,23.62,RCI
33-2022.00,Forest Fire Inspectors and Prevention Specialists,6.35,3.56,1.11,3.18,3.41,4.57,28.63,16.05,5.00,14.34,15.37,20.60,RCI
33-3011.00,Bailiffs,4.79,2.16,1.00,3.28,4.00,4.48,24.30,10.96,5.07,16.64,20.29,22.73,RCE
33-3012.00,Correctional Officers and Jailers,5.33,1.69,1.05,3.86,3.16,4.81,26.78,8.49,5.28,19.40,15.88,24.17,RCS
33-3021.00,Detectives and Criminal Investigators,4.18,4.90,1.20,2.73,4.04,4.83,19.10,22.39,5.48,12.48,18.46,22.07,ICR
33-3021.02,Police Identification and Records Officers,4.83,3.68,1.58,1.97,2.93,5.64,23.41,17.84,7.66,9.55,14.20,27.34,CRI
33-3021.06,Intelligence Analysts,2.33,5.77,2.11,1.91,3.84,5.37,10.92,27.05,9.89,8.95,18.00,25.18,ICE
33-3031.00,Fish and Game Wardens,6.40,3.91,1.00,2.38,3.02,4.24,30.55,18.66,4.77,11.36,14.42,20.24,RCI
33-3041.00,Parking Enforcement Workers,6.37,1.43,1.00,2.61,3.25,5.11,32.22,7.23,5.06,13.20,16.44,25.85,RCE
33-3051.00,Police and Sheriff's Patrol Officers,5.36,2.76,1.07,3.45,4.08,4.35,25.44,13.10,5.08,16.37,19.36,20.65,RCE
33-3051.04,Customs and Border Protection Officers,3.39,2.64,1.00,2.60,4.29,5.27,17.67,13.76,5.21,13.55,22.36,27.46,CER
33-3052.00,Transit and Railroad Police,6.17,2.28,1.00,2.51,3.21,4.94,30.68,11.34,4.97,12.48,15.96,24.56,RCE
33-9011.00,Animal Control Workers,5.93,3.59,1.00,2.63,2.17,3.89,30.87,18.69,5.21,13.69,11.30,20.25,RCI
33-9021.00,Private Detectives and Investigators,2.39,3.90,1.42,2.87,4.07,5.45,11.89,19.40,7.06,14.28,20.25,27.11,CEI
33-9031.00,Gambling Surveillance Officers and Gambling Investigators,4.14,2.17,1.00,2.15,4.78,5.62,20.85,10.93,5.04,10.83,24.07,28.30,CER
33-9032.00,Security Guards,6.41,2.29,1.00,2.64,2.88,4.76,32.08,11.46,5.01,13.21,14.41,23.82,RCE
33-9091.00,Crossing Guards and Flaggers,5.86,1.65,1.11,3.08,3.00,3.62,31.99,9.01,6.06,16.81,16.38,19.76,RCS
33-9092.00,"Lifeguards, Ski Patrol, and Other Recreational Protective Service Workers",6.27,2.37,1.00,4.24,2.88,3.44,31.04,11.73,4.95,20.99,14.26,17.03,RSC
33-9093.00,Transportation Security Screeners,5.21,2.01,1.00,2.45,2.61,5.51,27.73,10.70,5.32,13.04,13.89,29.32,CRE
33-9094.00,School Bus Monitors,3.43,1.51,1.74,5.25,1.95,4.76,18.40,8.10,9.33,28.17,10.46,25.54,SCR
33-9099.02,Retail Loss Prevention Specialists,3.90,3.44,1.00,2.71,4.77,5.67,18.15,16.01,4.65,12.61,22.20,26.38,CER
35-1011.00,Chefs and Head Cooks,4.84,1.68,2.72,2.95,5.13,4.35,22.34,7.75,12.55,13.61,23.67,20.07,ERC
35-1012.00,First-Line Supervisors of Food Preparation and Serving Workers,4.60,1.38,1.25,3.37,6.36,4.72,21.22,6.37,5.77,15.54,29.34,21.77,ECR
35-2011.00,"Cooks, Fast Food",6.33,1.38,1.85,2.42,3.36,4.32,32.20,7.02,9.41,12.31,17.09,21.97,RCE
35-2012.00,"Cooks, Institution and Cafeteria",5.90,1.83,2.01,3.17,3.16,4.35,28.89,8.96,9.84,15.52,15.48,21.30,RCS
35-2013.00,"Cooks, Private Household",4.98,1.40,3.77,3.78,3.55,3.71,23.50,6.61,17.79,17.84,16.75,17.51,RSA
35-2014.00,"Cooks, Restaurant",5.63,1.56,2.71,2.88,3.69,3.80,27.78,7.70,13.37,14.21,18.20,18.75,RCE
35-2015.00,"Cooks, Short Order",6.13,1.00,2.27,3.19,3.68,4.37,29.70,4.84,11.00,15.46,17.83,21.17,RCE
35-2021.00,Food Preparation Workers,6.40,1.35,1.90,2.71,2.23,4.18,34.10,7.19,10.12,14.44,11.88,22.27,RCS
35-3011.00,Bartenders,4.65,1.00,2.30,3.74,3.85,4.53,23.17,4.98,11.46,18.63,19.18,22.57,RCE
35-3023.00,Fast Food and Counter Workers,4.83,1.00,1.45,3.48,3.45,4.96,25.20,5.22,7.56,18.15,18.00,25.87,CRS
35-3023.01,Baristas,5.58,1.07,2.63,3.70,3.24,3.70,28.01,5.37,13.20,18.57,16.27,18.57,RSC
35-3031.00,Waiters and Waitresses,4.12,1.00,1.84,4.72,4.06,4.95,19.91,4.83,8.89,22.81,19.62,23.92,CSR
35-3041.00,"Food Servers, Nonrestaurant",4.84,1.46,2.10,4.23,2.85,3.87,25.01,7.55,10.85,21.86,14.73,20.00,RSC
35-9011.00,Dining Room and Cafeteria Attendants and Bartender Helpers,5.63,1.00,1.02,3.66,2.26,4.57,31.04,5.51,5.62,20.18,12.46,25.19,RCS
35-9021.00,Dishwashers,7.00,1.00,1.00,1.83,1.44,4.45,41.87,5.98,5.98,10.94,8.61,26.61,RCS
35-9031.00,"Hosts and Hostesses, Restaurant, Lounge, and Coffee Shop",3.19,1.00,1.73,5.24,4.44,4.09,16.20,5.08,8.79,26.61,22.55,20.77,SEC
37-1011.00,First-Line Supervisors of Housekeeping and Janitorial Workers,4.14,1.38,1.00,3.63,5.70,5.35,19.53,6.51,4.72,17.12,26.89,25.24,ECR
37-1012.00,"First-Line Supervisors of Landscaping, Lawn Service, and Groundskeeping Workers",4.55,1.77,1.03,3.01,6.11,5.24,20.96,8.15,4.74,13.86,28.14,24.14,ECR
37-2011.00,"Janitors and Cleaners, Except Maids and Housekeeping Cleaners",6.73,1.15,1.00,2.11,1.67,4.61,38.97,6.66,5.79,12.22,9.67,26.69,RCS
37-2012.00,Maids and Housekeeping Cleaners,6.08,1.00,1.39,2.49,1.47,4.60,35.70,5.87,8.16,14.62,8.63,27.01,RCS
37-2021.00,Pest Control Workers,6.85,2.94,1.00,1.67,2.21,4.17,36.36,15.61,5.31,8.86,11.73,22.13,RCI
37-3011.00,Landscaping and Groundskeeping Workers,7.00,1.62,1.90,1.45,1.81,3.35,40.86,9.46,11.09,8.46,10.57,19.56,RCA
37-3012.00,"Pesticide Handlers, Sprayers, and Applicators, Vegetation",6.51,2.73,1.00,1.95,1.42,3.67,37.67,15.80,5.79,11.28,8.22,21.24,RCI
37-3013.00,Tree Trimmers and Pruners,7.00,2.13,1.00,1.79,1.22,3.09,43.13,13.12,6.16,11.03,7.52,19.04,RCI
39-1013.00,First-Line Supervisors of Gambling Services Workers,3.70,1.00,1.00,3.02,5.93,5.49,18.37,4.97,4.97,15.00,29.44,27.26,ECR
39-1014.00,"First-Line Supervisors of Entertainment and Recreation Workers, Except Gambling Services",2.90,1.03,1.79,4.40,7.00,4.72,13.28,4.72,8.20,20.15,32.05,21.61,ECS
39-1022.00,First-Line Supervisors of Personal Service Workers,3.37,1.10,1.09,3.98,6.85,5.11,15.67,5.12,5.07,18.51,31.86,23.77,ECS
39-2011.00,Animal Trainers,6.52,2.30,1.76,3.61,2.08,2.97,33.89,11.95,9.15,18.76,10.81,15.44,RSC
39-2021.00,Animal Caretakers,6.17,2.75,1.63,3.75,1.52,3.25,32.35,14.42,8.55,19.66,7.97,17.04,RSC
39-3011.00,Gambling Dealers,3.71,1.00,1.10,2.16,5.18,5.46,19.94,5.37,5.91,11.61,27.83,29.34,CER
39-3012.00,Gambling and Sports Book Writers and Runners,2.78,1.00,1.02,2.92,4.99,5.97,14.88,5.35,5.46,15.63,26.71,31.96,CES
39-3021.00,Motion Picture Projectionists,5.44,2.02,3.10,2.02,1.99,4.39,28.69,10.65,16.35,10.65,10.50,23.15,RCA
39-3031.00,"Ushers, Lobby Attendants, and Ticket Takers",3.21,1.00,1.41,4.69,4.19,4.75,16.68,5.19,7.32,24.36,21.77,24.68,CSE
39-3091.00,Amusement and Recreation Attendants,4.23,1.00,1.68,4.35,3.83,4.72,21.35,5.05,8.48,21.96,19.33,23.83,CSR
39-3092.00,Costume Attendants,3.88,1.00,5.61,3.26,2.84,4.27,18.60,4.79,26.89,15.63,13.61,20.47,ACR
39-3093.00,"Locker Room, Coatroom, and Dressing Room Attendants",4.16,1.00,1.56,4.14,2.49,5.59,21.96,5.28,8.24,21.86,13.15,29.51,CRS
39-4011.00,Embalmers,5.84,2.57,1.61,3.40,2.65,3.85,29.32,12.90,8.08,17.07,13.30,19.33,RCS
39-4012.00,Crematory Operators,5.96,2.11,1.46,2.73,1.49,4.36,32.91,11.65,8.06,15.07,8.23,24.08,RCS
39-4021.00,Funeral Attendants,4.95,1.07,1.82,3.93,3.67,4.34,25.03,5.41,9.20,19.87,18.55,21.94,RCS
39-4031.00,"Morticians, Undertakers, and Funeral Arrangers",3.55,1.40,1.75,4.41,4.66,4.67,17.37,6.85,8.56,21.58,22.80,22.85,CES
39-5011.00,Barbers,5.39,1.00,2.71,3.58,3.55,3.89,26.79,4.97,13.47,17.79,17.64,19.33,RCS
39-5012.00,"Hairdressers, Hairstylists, and Cosmetologists",5.40,1.54,3.24,3.72,3.25,3.92,25.63,7.31,15.38,17.66,15.42,18.60,RCS
39-5091.00,"Makeup Artists, Theatrical and Performance",4.33,1.37,6.72,3.00,3.08,3.01,20.13,6.37,31.24,13.95,14.32,13.99,ARE
39-5092.00,Manicurists and Pedicurists,5.63,1.30,2.29,3.06,2.35,3.67,30.77,7.10,12.51,16.72,12.84,20.05,RCS
39-5093.00,Shampooers,5.53,1.35,1.56,3.75,2.47,3.37,30.67,7.49,8.65,20.80,13.70,18.69,RSC
39-5094.00,Skincare Specialists,5.48,2.04,2.95,4.18,3.12,3.37,25.92,9.65,13.95,19.77,14.76,15.94,RSC
39-6011.00,Baggage Porters and Bellhops,4.92,1.00,1.00,3.51,2.55,4.82,27.64,5.62,5.62,19.72,14.33,27.08,RCS
39-6012.00,Concierges,2.70,1.00,2.29,5.34,4.67,4.18,13.38,4.96,11.35,26.46,23.14,20.71,SEC
39-7011.00,Tour Guides and Escorts,3.33,2.40,3.46,5.35,3.64,2.85,15.83,11.41,16.45,25.44,17.31,13.55,SEA
39-7012.00,Travel Guides,2.45,2.34,2.45,4.84,4.61,4.30,11.67,11.15,11.67,23.06,21.96,20.49,SEC
39-9011.00,Childcare Workers,3.08,1.48,3.58,6.18,2.75,3.44,15.02,7.22,17.45,30.13,13.41,16.77,SAC
39-9011.01,Nannies,2.91,2.19,3.50,6.30,2.68,3.34,13.91,10.47,16.73,30.11,12.81,15.97,SAC
39-9031.00,Exercise Trainers and Group Fitness Instructors,5.23,2.71,2.40,5.62,3.51,2.98,23.30,12.07,10.69,25.03,15.63,13.27,SRE
39-9032.00,Recreation Workers,3.75,1.98,3.05,4.90,4.51,3.46,17.32,9.15,14.09,22.63,20.83,15.98,SER
39-9041.00,Residential Advisors,2.82,2.37,2.25,5.28,3.81,4.63,13.33,11.20,10.63,24.95,18.01,21.88,SCE
41-1011.00,First-Line Supervisors of Retail Sales Workers,2.75,1.14,1.00,3.64,7.00,5.61,13.01,5.39,4.73,17.22,33.11,26.54,ECS
41-1012.00,First-Line Supervisors of Non-Retail Sales Workers,1.74,1.11,1.00,4.08,7.00,5.31,8.60,5.48,4.94,20.16,34.58,26.24,ECS
41-2011.00,Cashiers,2.90,1.00,1.00,2.59,3.62,6.21,16.74,5.77,5.77,14.95,20.90,35.85,CER
41-2012.00,Gambling Change Persons and Booth Cashiers,3.07,1.00,1.06,2.43,4.19,6.36,16.95,5.52,5.85,13.42,23.14,35.12,CER
41-2021.00,Counter and Rental Clerks,3.17,1.00,1.27,3.30,3.86,5.90,17.14,5.41,6.86,17.84,20.86,31.89,CES
41-2022.00,Parts Salespersons,5.64,1.60,1.00,1.96,3.83,5.12,29.45,8.36,5.22,10.23,20.00,26.74,RCE
41-2031.00,Retail Salespersons,3.20,1.00,1.98,2.96,6.13,5.17,15.66,4.89,9.69,14.48,29.99,25.29,ECR
41-3011.00,Advertising Sales Agents,1.18,1.52,3.64,2.96,6.65,4.34,5.82,7.49,17.94,14.59,32.77,21.39,ECA
41-3021.00,Insurance Sales Agents,1.00,2.25,1.09,3.71,5.95,5.46,5.14,11.56,5.60,19.06,30.58,28.06,ECS
41-3031.00,"Securities, Commodities, and Financial Services Sales Agents",1.26,2.53,1.29,3.07,6.08,5.27,6.46,12.97,6.62,15.74,31.18,27.03,ECS
41-3041.00,Travel Agents,1.15,1.51,1.90,4.31,5.78,5.77,5.63,7.39,9.30,21.11,28.31,28.26,ECS
41-3091.00,"Sales Representatives of Services, Except Advertising, Insurance, Financial Services, and Travel",1.07,1.94,1.45,3.75,6.73,5.07,5.35,9.70,7.25,18.74,33.63,25.34,ECS
41-4011.00,"Sales Representatives, Wholesale and Manufacturing, Technical and Scientific Products",2.80,3.15,1.44,3.12,5.27,5.14,13.38,15.06,6.88,14.91,25.19,24.57,ECI
41-4011.07,Solar Sales Representatives and Assessors,3.52,2.73,1.39,2.75,5.56,4.43,17.27,13.40,6.82,13.49,27.28,21.74,ECR
41-4012.00,"Sales Representatives, Wholesale and Manufacturing, Except Technical and Scientific Products",2.63,2.24,1.65,2.69,6.12,4.92,12.99,11.06,8.15,13.28,30.22,24.30,ECS
41-9011.00,Demonstrators and Product Promoters,3.24,1.89,3.31,3.26,5.38,3.56,15.70,9.16,16.04,15.79,26.07,17.25,ECA
41-9012.00,Models,5.01,1.09,6.91,2.49,3.71,2.26,23.33,5.08,32.18,11.60,17.28,10.53,ARE
41-9021.00,Real Estate Brokers,2.71,1.52,1.00,2.90,6.48,5.76,13.30,7.46,4.91,14.24,31.81,28.28,ECS
41-9022.00,Real Estate Sales Agents,2.12,1.47,1.92,3.52,6.46,4.94,10.38,7.20,9.40,17.23,31.62,24.18,ECS
41-9031.00,Sales Engineers,3.38,3.58,1.76,2.82,5.78,4.51,15.48,16.40,8.06,12.92,26.48,20.66,ECI
41-9041.00,Telemarketers,1.87,1.09,1.24,3.61,5.36,5.07,10.25,5.98,6.80,19.79,29.39,27.80,ECS
41-9091.00,"Door-to-Door Sales Workers, News and Street Vendors, and Related Workers",3.56,1.00,2.04,2.79,5.52,4.70,18.15,5.10,10.40,14.23,28.15,23.97,ECR
43-1011.00,First-Line Supervisors of Office and Administrative Support Workers,1.58,1.38,1.00,4.33,6.90,5.70,7.56,6.61,4.79,20.73,33.03,27.29,ECS
43-2011.00,"Switchboard Operators, Including Answering Service",3.63,1.39,1.00,2.91,3.18,5.95,20.10,7.70,5.54,16.11,17.61,32.95,CRE
43-2021.00,Telephone Operators,3.23,1.14,1.00,4.05,3.33,6.21,17.04,6.01,5.27,21.36,17.56,32.75,CSE
43-3011.00,Bill and Account Collectors,2.08,1.00,1.00,3.26,4.36,7.00,11.12,5.35,5.35,17.43,23.32,37.43,CES
43-3021.00,Billing and Posting Clerks,2.83,1.59,1.00,1.47,2.76,7.00,17.00,9.55,6.01,8.83,16.58,42.04,CRE
43-3031.00,"Bookkeeping, Accounting, and Auditing Clerks",1.63,2.18,1.00,1.49,2.87,7.00,10.08,13.48,6.18,9.21,17.75,43.29,CEI
43-3041.00,Gambling Cage Workers,2.90,1.00,1.00,2.91,4.66,5.98,15.72,5.42,5.42,15.77,25.26,32.41,CES
43-3051.00,Payroll and Timekeeping Clerks,1.85,1.05,1.00,1.91,3.32,7.00,11.47,6.51,6.20,11.84,20.58,43.40,CES
43-3061.00,Procurement Clerks,3.17,1.71,1.00,1.63,4.13,7.00,17.01,9.17,5.36,8.74,22.16,37.55,CER
43-3071.00,Tellers,2.27,1.42,1.00,2.44,4.19,6.88,12.47,7.80,5.49,13.41,23.02,37.80,CES
43-4011.00,Brokerage Clerks,2.10,1.27,1.00,2.32,4.51,6.96,11.56,6.99,5.51,12.78,24.83,38.33,CES
43-4021.00,Correspondence Clerks,1.32,2.52,1.57,2.70,3.43,6.86,7.17,13.70,8.53,14.67,18.64,37.28,CES
43-4031.00,"Court, Municipal, and License Clerks",1.97,1.91,1.11,3.52,4.24,6.16,10.42,10.10,5.87,18.61,22.42,32.58,CES
43-4041.00,"Credit Authorizers, Checkers, and Clerks",1.00,1.87,1.00,3.39,4.48,7.00,5.34,9.98,5.34,18.09,23.91,37.35,CES
43-4051.00,Customer Service Representatives,1.97,1.63,1.00,3.77,5.08,6.32,9.96,8.24,5.06,19.07,25.70,31.97,CES
43-4061.00,"Eligibility Interviewers, Government Programs",1.00,2.45,1.00,4.46,3.92,6.32,5.22,12.79,5.22,23.29,20.47,33.00,CSE
43-4071.00,File Clerks,2.41,1.28,1.01,2.05,1.76,7.00,15.54,8.25,6.51,13.22,11.35,45.13,CRS
43-4081.00,"Hotel, Motel, and Resort Desk Clerks",2.62,1.00,1.35,4.49,3.80,5.72,13.80,5.27,7.11,23.66,20.02,30.14,CSE
43-4111.00,"Interviewers, Except Eligibility and Loan",1.00,1.92,1.38,4.12,3.66,6.01,5.53,10.61,7.63,22.78,20.23,33.22,CSE
43-4121.00,"Library Assistants, Clerical",2.91,2.00,1.29,3.77,2.18,6.89,15.28,10.50,6.78,19.80,11.45,36.19,CSR
43-4131.00,Loan Interviewers and Clerks,1.00,2.18,1.00,3.40,4.61,6.92,5.23,11.41,5.23,17.79,24.12,36.21,CES
43-4141.00,New Accounts Clerks,1.37,1.91,1.00,3.66,4.65,6.86,7.04,9.82,5.14,18.82,23.91,35.27,CES
43-4151.00,Order Clerks,2.57,1.00,1.00,2.52,4.54,6.97,13.82,5.38,5.38,13.55,24.41,37.47,CER
43-4161.00,"Human Resources Assistants, Except Payroll and Timekeeping",1.43,1.35,1.00,3.24,3.91,7.00,7.98,7.53,5.58,18.07,21.81,39.04,CES
43-4171.00,Receptionists and Information Clerks,1.95,1.79,1.10,3.57,4.26,6.30,10.28,9.44,5.80,18.82,22.46,33.21,CES
43-4181.00,Reservation and Transportation Ticket Agents and Travel Clerks,2.12,1.00,1.32,4.39,4.08,5.54,11.49,5.42,7.15,23.79,22.11,30.03,CSE
43-5011.00,Cargo and Freight Agents,3.15,1.52,1.00,2.14,4.83,6.32,16.61,8.02,5.27,11.29,25.47,33.33,CER
43-5011.01,Freight Forwarders,3.51,2.59,1.00,1.84,3.94,5.60,18.99,14.02,5.41,9.96,21.32,30.30,CER
43-5021.00,Couriers and Messengers,4.47,1.07,1.00,2.96,2.86,5.07,25.65,6.14,5.74,16.98,16.41,29.09,CRS
43-5031.00,Public Safety Telecommunicators,4.33,2.91,1.00,3.65,2.89,5.52,21.33,14.33,4.93,17.98,14.24,27.19,CRS
43-5032.00,"Dispatchers, Except Police, Fire, and Ambulance",5.27,1.42,1.00,2.69,2.92,5.40,28.18,7.59,5.35,14.39,15.61,28.88,CRE
43-5041.00,"Meter Readers, Utilities",4.91,2.53,1.00,2.15,1.28,6.58,26.61,13.71,5.42,11.65,6.94,35.66,CRI
43-5051.00,Postal Service Clerks,3.21,1.00,1.00,2.57,2.71,6.55,18.84,5.87,5.87,15.08,15.90,38.44,CRE
43-5052.00,Postal Service Mail Carriers,3.56,1.00,1.00,2.69,2.91,6.27,20.42,5.74,5.74,15.43,16.70,35.97,CRE
43-5053.00,"Postal Service Mail Sorters, Processors, and Processing Machine Operators",4.60,1.54,1.00,1.83,1.66,5.91,27.81,9.31,6.05,11.06,10.04,35.73,CRS
43-5061.00,"Production, Planning, and Expediting Clerks",3.12,1.20,1.14,2.11,4.91,5.92,16.96,6.52,6.20,11.47,26.68,32.17,CER
43-5071.00,"Shipping, Receiving, and Inventory Clerks",3.98,1.24,1.00,1.37,3.11,7.00,22.49,7.01,5.65,7.74,17.57,39.55,CRE
43-5111.00,"Weighers, Measurers, Checkers, and Samplers, Recordkeeping",5.31,2.37,1.00,1.00,1.76,6.37,29.81,13.31,5.61,5.61,9.88,35.77,CRI
43-6011.00,Executive Secretaries and Executive Administrative Assistants,1.32,1.94,1.35,3.94,5.51,6.41,6.45,9.48,6.60,19.25,26.92,31.31,CES
43-6012.00,Legal Secretaries and Administrative Assistants,1.41,2.91,1.55,3.17,4.42,6.69,7.00,14.44,7.69,15.73,21.94,33.20,CES
43-6013.00,Medical Secretaries and Administrative Assistants,2.29,3.02,1.00,4.13,3.17,6.67,11.29,14.89,4.93,20.36,15.63,32.89,CSE
43-6014.00,"Secretaries and Administrative Assistants, Except Legal, Medical, and Executive",1.98,1.37,1.00,3.61,4.18,6.95,10.37,7.18,5.24,18.91,21.90,36.41,CES
43-9021.00,Data Entry Keyers,3.05,2.31,1.00,1.19,1.67,7.00,18.80,14.24,6.17,7.34,10.30,43.16,CRI
43-9022.00,Word Processors and Typists,2.87,1.94,2.26,2.23,1.86,6.59,16.17,10.93,12.73,12.56,10.48,37.13,CRA
43-9031.00,Desktop Publishers,3.38,2.84,4.24,1.69,1.71,5.70,17.28,14.52,21.68,8.64,8.74,29.14,CAR
43-9041.00,Insurance Claims and Policy Processing Clerks,1.24,2.43,1.00,2.56,3.86,7.00,6.85,13.43,5.53,14.15,21.34,38.70,CES
43-9051.00,"Mail Clerks and Mail Machine Operators, Except Postal Service",4.01,1.00,1.00,2.01,2.14,6.46,24.13,6.02,6.02,12.09,12.88,38.87,CRE
43-9061.00,"Office Clerks, General",2.92,1.85,1.00,3.06,3.20,6.84,15.47,9.80,5.30,16.22,16.96,36.25,CES
43-9071.00,"Office Machine Operators, Except Computer",4.55,2.13,1.16,1.68,2.06,6.57,25.07,11.74,6.39,9.26,11.35,36.20,CRI
43-9081.00,Proofreaders and Copy Markers,1.44,2.50,3.56,2.20,1.53,6.16,8.28,14.38,20.47,12.65,8.80,35.42,CAI
43-9111.00,Statistical Assistants,2.37,4.48,1.00,1.40,1.74,7.00,13.17,24.90,5.56,7.78,9.67,38.91,CIR
45-1011.00,"First-Line Supervisors of Farming, Fishing, and Forestry Workers",5.53,2.23,1.00,2.89,6.01,4.66,24.78,9.99,4.48,12.95,26.93,20.88,ERC
45-2011.00,Agricultural Inspectors,5.35,4.04,1.00,1.89,3.12,5.17,26.01,19.64,4.86,9.19,15.17,25.13,RCI
45-2021.00,Animal Breeders,6.36,3.40,1.45,2.38,2.00,3.58,33.18,17.74,7.56,12.42,10.43,18.68,RCI
45-2041.00,"Graders and Sorters, Agricultural Products",5.64,2.48,1.67,1.50,2.16,5.00,30.57,13.44,9.05,8.13,11.71,27.10,RCI
45-2091.00,Agricultural Equipment Operators,7.00,2.50,1.00,1.00,1.34,3.67,42.40,15.14,6.06,6.06,8.12,22.23,RCI
45-2092.00,"Farmworkers and Laborers, Crop, Nursery, and Greenhouse",7.00,2.32,1.28,1.86,2.37,3.36,38.48,12.75,7.04,10.23,13.03,18.47,RCE
45-2093.00,"Farmworkers, Farm, Ranch, and Aquacultural Animals",6.78,2.66,1.42,2.50,1.92,2.95,37.19,14.59,7.79,13.71,10.53,16.18,RCI
45-3031.00,Fishing and Hunting Workers,7.00,2.27,1.06,1.03,1.99,3.29,42.07,13.64,6.37,6.19,11.96,19.77,RCI
45-4011.00,Forest and Conservation Workers,7.00,3.33,1.00,2.71,3.03,4.07,33.11,15.75,4.73,12.82,14.33,19.25,RCI
45-4021.00,Fallers,7.00,2.48,1.13,1.92,1.57,3.32,40.18,14.24,6.49,11.02,9.01,19.06,RCI
45-4022.00,Logging Equipment Operators,6.83,1.81,1.00,1.11,1.10,4.40,42.03,11.14,6.15,6.83,6.77,27.08,RCI
45-4023.00,Log Graders and Scalers,4.98,2.37,1.00,1.10,1.76,6.31,28.42,13.53,5.71,6.28,10.05,36.02,CRI
47-1011.00,First-Line Supervisors of Construction Trades and Extraction Workers,4.67,1.90,1.00,2.92,6.00,4.95,21.78,8.86,4.66,13.62,27.99,23.09,ECR
47-1011.03,Solar Energy Installation Managers,5.86,2.65,1.27,1.74,4.85,4.19,28.50,12.89,6.18,8.46,23.59,20.38,REC
47-2011.00,Boilermakers,7.00,2.31,1.00,1.00,1.00,3.72,43.67,14.41,6.24,6.24,6.24,23.21,RCI
47-2021.00,Brickmasons and Blockmasons,6.95,2.02,1.67,1.11,1.21,3.82,41.42,12.04,9.95,6.62,7.21,22.77,RCI
47-2022.00,Stonemasons,7.00,2.14,2.90,1.86,1.29,3.00,38.48,11.76,15.94,10.23,7.09,16.49,RCA
47-2031.00,Carpenters,6.75,1.91,2.18,1.90,1.79,3.46,37.52,10.62,12.12,10.56,9.95,19.23,RCA
47-2041.00,Carpet Installers,7.00,1.13,1.94,1.29,1.00,3.50,44.14,7.12,12.23,8.13,6.31,22.07,RCA
47-2042.00,"Floor Layers, Except Carpet, Wood, and Hard Tiles",7.00,1.39,1.83,1.56,1.00,3.68,42.53,8.44,11.12,9.48,6.08,22.36,RCA
47-2043.00,Floor Sanders and Finishers,7.00,1.39,1.37,1.43,1.54,3.33,43.59,8.66,8.53,8.90,9.59,20.73,RCE
47-2044.00,Tile and Stone Setters,7.00,1.47,2.53,1.34,1.00,3.66,41.18,8.65,14.88,7.88,5.88,21.53,RCA
47-2051.00,Cement Masons and Concrete Finishers,7.00,2.29,1.66,1.00,1.00,3.27,43.16,14.12,10.23,6.17,6.17,20.16,RCI
47-2053.00,Terrazzo Workers and Finishers,7.00,1.80,1.93,1.00,1.00,3.28,43.72,11.24,12.05,6.25,6.25,20.49,RCA
47-2061.00,Construction Laborers,7.00,2.68,1.38,1.23,1.35,3.61,40.58,15.54,8.00,7.13,7.83,20.93,RCI
47-2071.00,"Paving, Surfacing, and Tamping Equipment Operators",7.00,1.72,1.00,1.00,1.00,3.69,45.43,11.16,6.49,6.49,6.49,23.95,RCI
47-2072.00,Pile Driver Operators,7.00,1.94,1.00,1.02,1.15,3.61,44.53,12.34,6.36,6.49,7.32,22.96,RCI
47-2073.00,Operating Engineers and Other Construction Equipment Operators,7.00,2.93,1.00,1.14,1.26,3.88,40.67,17.02,5.81,6.62,7.32,22.55,RCI
47-2081.00,Drywall and Ceiling Tile Installers,7.00,1.96,2.30,1.18,1.00,3.14,42.22,11.82,13.87,7.12,6.03,18.94,RCA
47-2082.00,Tapers,6.49,1.64,1.73,1.45,1.08,3.44,41.00,10.36,10.93,9.16,6.82,21.73,RCA
47-2111.00,Electricians,7.00,2.70,1.24,1.32,1.81,4.09,38.55,14.87,6.83,7.27,9.97,22.52,RCI
47-2121.00,Glaziers,6.32,2.09,2.33,1.68,1.67,3.59,35.75,11.82,13.18,9.50,9.45,20.31,RCA
47-2131.00,"Insulation Workers, Floor, Ceiling, and Wall",6.78,1.78,1.30,1.05,1.00,3.97,42.70,11.21,8.19,6.61,6.30,25.00,RCI
47-2132.00,"Insulation Workers, Mechanical",6.92,2.42,1.00,1.24,1.00,4.25,41.12,14.38,5.94,7.37,5.94,25.25,RCI
47-2141.00,"Painters, Construction and Maintenance",7.00,1.47,2.51,1.26,1.00,3.50,41.82,8.78,14.99,7.53,5.97,20.91,RCA
47-2142.00,Paperhangers,5.86,1.00,2.97,1.58,1.14,3.90,35.62,6.08,18.05,9.60,6.93,23.71,RCA
47-2151.00,Pipelayers,7.00,2.43,1.00,1.30,1.14,3.54,42.66,14.81,6.09,7.92,6.95,21.57,RCI
47-2152.00,"Plumbers, Pipefitters, and Steamfitters",7.00,2.20,1.00,1.16,1.00,3.72,43.53,13.68,6.22,7.21,6.22,23.13,RCI
47-2152.04,Solar Thermal Installers and Technicians,7.00,2.69,1.13,1.70,1.60,3.66,39.37,15.13,6.36,9.56,9.00,20.58,RCI
47-2161.00,Plasterers and Stucco Masons,7.00,1.56,2.56,1.38,1.05,3.30,41.54,9.26,15.19,8.19,6.23,19.58,RCA
47-2171.00,Reinforcing Iron and Rebar Workers,7.00,2.18,1.12,1.20,1.33,3.50,42.87,13.35,6.86,7.35,8.14,21.43,RCI
47-2181.00,Roofers,7.00,1.30,1.21,1.48,1.59,3.54,43.42,8.06,7.51,9.18,9.86,21.96,RCE
47-2211.00,Sheet Metal Workers,7.00,2.07,1.55,1.00,1.00,3.58,43.21,12.78,9.57,6.17,6.17,22.10,RCI
47-2221.00,Structural Iron and Steel Workers,7.00,2.79,1.41,1.17,1.24,3.73,40.37,16.09,8.13,6.75,7.15,21.51,RCI
47-2231.00,Solar Photovoltaic Installers,7.00,2.65,1.39,1.19,1.73,4.08,38.80,14.69,7.71,6.60,9.59,22.62,RCI
47-3011.00,"Helpers--Brickmasons, Blockmasons, Stonemasons, and Tile and Marble Setters",7.00,1.35,1.57,1.88,1.00,3.33,43.40,8.37,9.73,11.66,6.20,20.64,RCS
47-3012.00,Helpers--Carpenters,6.91,1.29,1.40,2.14,1.61,3.46,41.11,7.67,8.33,12.73,9.58,20.58,RCS
47-3013.00,Helpers--Electricians,7.00,2.21,1.00,2.05,1.00,3.94,40.70,12.85,5.81,11.92,5.81,22.91,RCI
47-3014.00,"Helpers--Painters, Paperhangers, Plasterers, and Stucco Masons",6.52,1.11,1.78,2.43,1.36,3.47,39.11,6.66,10.68,14.58,8.16,20.82,RCS
47-3015.00,"Helpers--Pipelayers, Plumbers, Pipefitters, and Steamfitters",6.96,1.37,1.00,1.86,1.25,3.66,43.23,8.51,6.21,11.55,7.76,22.73,RCS
47-3016.00,Helpers--Roofers,6.95,1.00,1.00,1.96,1.41,3.61,43.63,6.28,6.28,12.30,8.85,22.66,RCS
47-4011.00,Construction and Building Inspectors,6.17,4.10,1.22,1.46,2.15,5.41,30.08,19.99,5.95,7.12,10.48,26.38,RCI
47-4011.01,Energy Auditors,4.53,4.17,1.00,1.89,3.34,5.93,21.72,19.99,4.79,9.06,16.01,28.43,CRI
47-4021.00,Elevator and Escalator Installers and Repairers,7.00,2.44,1.00,1.38,1.22,3.92,41.27,14.39,5.90,8.14,7.19,23.11,RCI
47-4031.00,Fence Erectors,7.00,2.08,1.35,1.35,1.00,3.68,42.53,12.64,8.20,8.20,6.08,22.36,RCI
47-4041.00,Hazardous Materials Removal Workers,7.00,2.57,1.00,1.48,1.19,4.36,39.77,14.60,5.68,8.41,6.76,24.77,RCI
47-4051.00,Highway Maintenance Workers,7.00,1.70,1.04,1.77,1.47,3.52,42.42,10.30,6.30,10.73,8.91,21.33,RCS
47-4061.00,Rail-Track Laying and Maintenance Equipment Operators,7.00,1.70,1.00,1.00,1.00,4.11,44.28,10.75,6.33,6.33,6.33,26.00,RCI
47-4071.00,Septic Tank Servicers and Sewer Pipe Cleaners,7.00,2.07,1.00,1.45,1.19,4.26,41.25,12.20,5.89,8.54,7.01,25.10,RCI
47-4091.00,Segmental Pavers,6.93,1.60,1.97,1.30,1.22,3.40,42.20,9.74,12.00,7.92,7.43,20.71,RCA
47-4099.03,Weatherization Installers and Technicians,6.01,3.22,1.50,2.31,2.19,4.49,30.48,16.33,7.61,11.71,11.11,22.77,RCI
47-5011.00,"Derrick Operators, Oil and Gas",7.00,2.54,1.00,1.01,1.64,3.64,41.59,15.09,5.94,6.00,9.74,21.63,RCI
47-5012.00,"Rotary Drill Operators, Oil and Gas",7.00,3.04,1.00,1.16,2.20,3.78,38.50,16.72,5.50,6.38,12.10,20.79,RCI
47-5013.00,"Service Unit Operators, Oil and Gas",7.00,2.58,1.00,1.20,1.82,4.07,39.62,14.60,5.66,6.79,10.30,23.03,RCI
47-5022.00,"Excavating and Loading Machine and Dragline Operators, Surface Mining",7.00,2.40,1.00,1.00,1.00,3.55,43.89,15.05,6.27,6.27,6.27,22.26,RCI
47-5023.00,"Earth Drillers, Except Oil and Gas",7.00,3.65,1.14,1.22,1.70,3.67,38.08,19.86,6.20,6.64,9.25,19.97,RCI
47-5032.00,"Explosives Workers, Ordnance Handling Experts, and Blasters",6.90,3.77,1.25,1.30,1.83,4.19,35.86,19.59,6.50,6.76,9.51,21.78,RCI
47-5041.00,Continuous Mining Machine Operators,6.97,2.50,1.00,1.04,1.34,4.07,41.19,14.78,5.91,6.15,7.92,24.05,RCI
47-5043.00,"Roof Bolters, Mining",7.00,2.46,1.00,1.00,1.01,3.34,44.28,15.56,6.33,6.33,6.39,21.13,RCI
47-5044.00,"Loading and Moving Machine Operators, Underground Mining",7.00,2.15,1.00,1.00,1.00,3.70,44.16,13.56,6.31,6.31,6.31,23.34,RCI
47-5051.00,"Rock Splitters, Quarry",6.99,2.07,1.74,1.26,1.17,3.19,42.57,12.61,10.60,7.67,7.13,19.43,RCI
47-5071.00,"Roustabouts, Oil and Gas",7.00,1.79,1.00,1.00,1.00,3.29,46.42,11.87,6.63,6.63,6.63,21.82,RCI
47-5081.00,Helpers--Extraction Workers,7.00,2.14,1.00,1.79,1.58,3.69,40.70,12.44,5.81,10.41,9.19,21.45,RCI
49-1011.00,"First-Line Supervisors of Mechanics, Installers, and Repairers",4.13,1.73,1.01,3.56,5.99,4.75,19.51,8.17,4.77,16.82,28.29,22.44,ECR
49-2011.00,"Computer, Automated Teller, and Office Machine Repairers",5.83,2.65,1.00,1.75,1.79,5.50,31.48,14.31,5.40,9.45,9.67,29.70,RCI
49-2021.00,"Radio, Cellular, and Tower Equipment Installers and Repairers",6.73,3.48,1.05,1.37,1.36,4.53,36.34,18.79,5.67,7.40,7.34,24.46,RCI
49-2022.00,"Telecommunications Equipment Installers and Repairers, Except Line Installers",6.43,2.42,1.00,1.81,1.60,4.83,35.54,13.38,5.53,10.01,8.84,26.70,RCI
49-2091.00,Avionics Technicians,7.00,4.31,1.16,1.38,1.06,4.41,36.23,22.31,6.00,7.14,5.49,22.83,RCI
49-2092.00,"Electric Motor, Power Tool, and Related Repairers",7.00,2.73,1.00,1.19,1.01,4.25,40.75,15.89,5.82,6.93,5.88,24.74,RCI
49-2093.00,"Electrical and Electronics Installers and Repairers, Transportation Equipment",7.00,3.38,1.00,1.15,1.02,4.83,38.08,18.39,5.44,6.26,5.55,26.28,RCI
49-2094.00,"Electrical and Electronics Repairers, Commercial and Industrial Equipment",7.00,3.84,1.00,1.00,1.44,5.27,35.81,19.64,5.12,5.12,7.37,26.96,RCI
49-2095.00,"Electrical and Electronics Repairers, Powerhouse, Substation, and Relay",7.00,3.52,1.00,1.07,1.30,5.27,36.53,18.37,5.22,5.58,6.78,27.51,RCI
49-2096.00,"Electronic Equipment Installers and Repairers, Motor Vehicles",7.00,3.44,1.00,1.30,1.00,4.33,38.74,19.04,5.53,7.19,5.53,23.96,RCI
49-2097.00,Audiovisual Equipment Installers and Repairers,6.85,2.62,1.66,1.64,1.12,4.61,37.03,14.16,8.97,8.86,6.05,24.92,RCI
49-2098.00,Security and Fire Alarm Systems Installers,6.67,3.35,1.00,1.37,1.58,4.94,35.27,17.72,5.29,7.24,8.36,26.12,RCI
49-3011.00,Aircraft Mechanics and Service Technicians,6.70,3.81,1.00,1.31,1.84,4.70,34.61,19.68,5.17,6.77,9.50,24.28,RCI
49-3021.00,Automotive Body and Related Repairers,7.00,1.60,1.43,1.06,1.45,3.34,44.08,10.08,9.01,6.68,9.13,21.03,RCI
49-3022.00,Automotive Glass Installers and Repairers,7.00,2.24,1.00,1.28,1.39,3.70,42.14,13.49,6.02,7.71,8.37,22.28,RCI
49-3023.00,Automotive Service Technicians and Mechanics,7.00,3.58,1.00,1.45,1.60,4.31,36.96,18.90,5.28,7.66,8.45,22.76,RCI
49-3031.00,Bus and Truck Mechanics and Diesel Engine Specialists,7.00,3.27,1.00,1.54,1.29,3.73,39.26,18.34,5.61,8.64,7.23,20.92,RCI
49-3041.00,Farm Equipment Mechanics and Service Technicians,7.00,3.02,1.00,1.30,1.08,4.30,39.55,17.06,5.65,7.34,6.10,24.29,RCI
49-3042.00,"Mobile Heavy Equipment Mechanics, Except Engines",7.00,3.54,1.00,1.00,1.00,4.35,39.13,19.79,5.59,5.59,5.59,24.32,RCI
49-3043.00,Rail Car Repairers,7.00,2.77,1.21,1.48,1.16,3.87,40.02,15.84,6.92,8.46,6.63,22.13,RCI
49-3051.00,Motorboat Mechanics and Service Technicians,7.00,2.86,1.00,1.01,1.61,3.88,40.32,16.47,5.76,5.82,9.27,22.35,RCI
49-3052.00,Motorcycle Mechanics,7.00,3.12,1.23,1.44,1.00,3.64,40.16,17.90,7.06,8.26,5.74,20.88,RCI
49-3053.00,Outdoor Power Equipment and Other Small Engine Mechanics,7.00,2.48,1.00,1.20,1.26,3.97,41.40,14.67,5.91,7.10,7.45,23.48,RCI
49-3091.00,Bicycle Repairers,7.00,1.82,1.17,1.62,1.49,3.34,42.58,11.07,7.12,9.85,9.06,20.32,RCI
49-3092.00,Recreational Vehicle Service Technicians,7.00,2.61,1.00,1.57,1.24,4.12,39.91,14.88,5.70,8.95,7.07,23.49,RCI
49-3093.00,Tire Repairers and Changers,7.00,1.80,1.00,1.79,1.58,3.41,42.22,10.86,6.03,10.80,9.53,20.57,RCI
49-9011.00,Mechanical Door Repairers,6.87,1.78,1.00,1.46,1.00,3.96,42.75,11.08,6.22,9.09,6.22,24.64,RCI
49-9012.00,"Control and Valve Installers and Repairers, Except Mechanical Door",7.00,2.85,1.00,1.20,1.00,4.51,39.86,16.23,5.69,6.83,5.69,25.68,RCI
49-9021.00,"Heating, Air Conditioning, and Refrigeration Mechanics and Installers",6.96,2.82,1.04,1.47,1.20,4.29,39.15,15.86,5.85,8.27,6.75,24.13,RCI
49-9031.00,Home Appliance Repairers,7.00,2.33,1.16,1.63,1.36,4.84,38.21,12.72,6.33,8.90,7.42,26.42,RCI
49-9041.00,Industrial Machinery Mechanics,7.00,3.01,1.01,1.00,1.17,4.33,39.95,17.18,5.76,5.71,6.68,24.71,RCI
49-9043.00,"Maintenance Workers, Machinery",7.00,2.04,1.00,1.00,1.20,4.25,42.45,12.37,6.06,6.06,7.28,25.77,RCI
49-9044.00,Millwrights,7.00,2.68,1.59,1.00,1.09,3.63,41.20,15.77,9.36,5.89,6.42,21.37,RCI
49-9045.00,"Refractory Materials Repairers, Except Brickmasons",7.00,2.20,1.31,1.02,1.00,3.55,43.53,13.68,8.15,6.34,6.22,22.08,RCI
49-9051.00,Electrical Power-Line Installers and Repairers,7.00,2.66,1.00,1.28,1.78,3.80,39.95,15.18,5.71,7.31,10.16,21.69,RCI
49-9052.00,Telecommunications Line Installers and Repairers,6.48,2.49,1.00,1.58,2.01,4.17,36.55,14.04,5.64,8.91,11.34,23.52,RCI
49-9061.00,Camera and Photographic Equipment Repairers,6.93,2.66,1.93,1.19,1.00,4.83,37.38,14.35,10.41,6.42,5.39,26.05,RCI
49-9062.00,Medical Equipment Repairers,7.00,4.59,1.00,1.96,1.00,4.80,34.40,22.56,4.91,9.63,4.91,23.59,RCI
49-9063.00,Musical Instrument Repairers and Tuners,6.39,2.64,3.46,1.58,1.00,3.54,34.34,14.19,18.59,8.49,5.37,19.02,RCA
49-9064.00,Watch and Clock Repairers,6.54,1.98,1.34,1.41,1.13,4.44,38.84,11.76,7.96,8.37,6.71,26.37,RCI
49-9071.00,"Maintenance and Repair Workers, General",7.00,2.53,1.20,1.75,1.53,4.17,38.50,13.92,6.60,9.63,8.42,22.94,RCI
49-9081.00,Wind Turbine Service Technicians,7.00,3.60,1.00,1.62,1.77,4.29,36.31,18.67,5.19,8.40,9.18,22.25,RCI
49-9091.00,"Coin, Vending, and Amusement Machine Servicers and Repairers",6.08,1.81,1.00,1.22,1.89,5.70,34.35,10.23,5.65,6.89,10.68,32.20,RCE
49-9092.00,Commercial Divers,7.00,3.60,1.35,1.10,1.66,3.10,39.30,20.21,7.58,6.18,9.32,17.41,RIC
49-9094.00,Locksmiths and Safe Repairers,6.09,2.11,1.00,1.57,1.42,5.00,35.43,12.27,5.82,9.13,8.26,29.09,RCI
49-9095.00,Manufactured Building and Mobile Home Installers,6.83,1.90,1.52,1.71,1.17,3.90,40.11,11.16,8.93,10.04,6.87,22.90,RCI
49-9096.00,Riggers,7.00,2.37,1.41,1.02,1.95,3.64,40.25,13.63,8.11,5.87,11.21,20.93,RCI
49-9097.00,Signal and Track Switch Repairers,6.49,2.64,1.00,1.19,1.01,4.46,38.65,15.72,5.96,7.09,6.02,26.56,RCI
49-9098.00,"Helpers--Installation, Maintenance, and Repair Workers",6.99,1.97,1.10,1.82,1.63,4.04,39.83,11.23,6.27,10.37,9.29,23.02,RCI
49-9099.01,Geothermal Technicians,6.38,3.44,1.00,1.68,1.78,4.99,33.11,17.85,5.19,8.72,9.24,25.90,RCI
51-1011.00,First-Line Supervisors of Production and Operating Workers,4.30,1.58,1.00,2.87,6.30,5.05,20.38,7.49,4.74,13.60,29.86,23.93,ECR
51-2011.00,"Aircraft Structure, Surfaces, Rigging, and Systems Assemblers",7.00,2.66,1.74,1.00,1.37,3.82,39.80,15.12,9.89,5.69,7.79,21.72,RCI
51-2021.00,"Coil Winders, Tapers, and Finishers",6.54,2.28,1.00,1.12,1.40,4.17,39.61,13.81,6.06,6.78,8.48,25.26,RCI
51-2022.00,Electrical and Electronic Equipment Assemblers,7.00,3.26,1.70,1.21,1.00,3.96,38.61,17.98,9.38,6.67,5.52,21.84,RCI
51-2023.00,Electromechanical Equipment Assemblers,7.00,3.35,1.41,1.06,1.00,4.98,37.23,17.82,7.50,5.64,5.32,26.49,RCI
51-2031.00,Engine and Other Machine Assemblers,7.00,2.69,1.23,1.00,1.07,4.39,40.28,15.48,7.08,5.75,6.16,25.26,RCI
51-2041.00,Structural Metal Fabricators and Fitters,7.00,2.60,1.73,1.00,1.12,3.91,40.32,14.98,9.97,5.76,6.45,22.52,RCI
51-2051.00,Fiberglass Laminators and Fabricators,6.74,2.02,2.22,1.00,1.16,3.49,40.53,12.15,13.35,6.01,6.98,20.99,RCA
51-2061.00,Timing Device Assemblers and Adjusters,6.74,2.12,1.19,1.00,1.14,4.61,40.12,12.62,7.08,5.95,6.79,27.44,RCI
51-2092.00,Team Assemblers,5.37,1.43,1.60,2.42,3.93,4.58,27.78,7.40,8.28,12.52,20.33,23.69,RCE
51-3011.00,Bakers,6.29,1.66,2.39,1.73,2.10,4.20,34.24,9.04,13.01,9.42,11.43,22.86,RCA
51-3021.00,Butchers and Meat Cutters,6.26,1.41,1.78,1.89,2.78,3.92,34.70,7.82,9.87,10.48,15.41,21.73,RCE
51-3022.00,"Meat, Poultry, and Fish Cutters and Trimmers",7.00,1.77,1.00,1.37,1.42,3.92,42.48,10.74,6.07,8.31,8.62,23.79,RCI
51-3023.00,Slaughterers and Meat Packers,6.62,2.24,1.31,1.67,2.12,3.53,37.85,12.81,7.49,9.55,12.12,20.18,RCI
51-3091.00,"Food and Tobacco Roasting, Baking, and Drying Machine Operators and Tenders",6.86,1.60,1.11,1.26,1.83,4.16,40.78,9.51,6.60,7.49,10.88,24.73,RCE
51-3092.00,Food Batchmakers,6.09,2.11,1.91,1.50,2.62,4.65,32.26,11.18,10.12,7.94,13.88,24.63,RCE
51-3093.00,Food Cooking Machine Operators and Tenders,6.82,1.98,1.15,1.34,1.68,4.67,38.66,11.22,6.52,7.60,9.52,26.47,RCI
51-4021.00,"Extruding and Drawing Machine Setters, Operators, and Tenders, Metal and Plastic",6.70,2.23,1.43,1.08,1.00,4.31,40.00,13.31,8.54,6.45,5.97,25.73,RCI
51-4022.00,"Forging Machine Setters, Operators, and Tenders, Metal and Plastic",6.74,2.62,1.03,1.00,1.19,4.39,39.72,15.44,6.07,5.89,7.01,25.87,RCI
51-4023.00,"Rolling Machine Setters, Operators, and Tenders, Metal and Plastic",6.76,1.67,1.01,1.01,1.00,3.96,43.87,10.84,6.55,6.55,6.49,25.70,RCI
51-4031.00,"Cutting, Punching, and Press Machine Setters, Operators, and Tenders, Metal and Plastic",6.86,2.22,1.06,1.00,1.00,4.30,41.73,13.50,6.45,6.08,6.08,26.16,RCI
51-4032.00,"Drilling and Boring Machine Tool Setters, Operators, and Tenders, Metal and Plastic",7.00,2.75,1.00,1.00,1.00,4.27,41.13,16.16,5.88,5.88,5.88,25.09,RCI
51-4033.00,"Grinding, Lapping, Polishing, and Buffing Machine Tool Setters, Operators, and Tenders, Metal and Plastic",7.00,2.14,1.18,1.00,1.00,3.91,43.13,13.19,7.27,6.16,6.16,24.09,RCI
51-4034.00,"Lathe and Turning Machine Tool Setters, Operators, and Tenders, Metal and Plastic",7.00,2.12,1.00,1.00,1.00,4.34,42.53,12.88,6.08,6.08,6.08,26.37,RCI
51-4035.00,"Milling and Planing Machine Setters, Operators, and Tenders, Metal and Plastic",7.00,2.41,1.19,1.00,1.00,4.38,41.22,14.19,7.01,5.89,5.89,25.80,RCI
51-4041.00,Machinists,7.00,3.70,1.95,1.16,1.21,4.40,36.05,19.05,10.04,5.97,6.23,22.66,RCI
51-4051.00,Metal-Refining Furnace Operators and Tenders,6.88,2.75,1.05,1.01,1.00,3.97,41.30,16.51,6.30,6.06,6.00,23.83,RCI
51-4052.00,"Pourers and Casters, Metal",7.00,2.45,1.14,1.05,1.00,3.76,42.68,14.94,6.95,6.40,6.10,22.93,RCI
51-4061.00,"Model Makers, Metal and Plastic",6.86,2.91,2.66,1.05,1.00,4.03,37.06,15.72,14.37,5.67,5.40,21.77,RCI
51-4062.00,"Patternmakers, Metal and Plastic",6.21,1.73,3.37,1.00,1.00,4.21,35.45,9.87,19.24,5.71,5.71,24.03,RCA
51-4071.00,Foundry Mold and Coremakers,6.82,2.27,2.14,1.05,1.00,3.50,40.64,13.53,12.75,6.26,5.96,20.86,RCI
51-4072.00,"Molding, Coremaking, and Casting Machine Setters, Operators, and Tenders, Metal and Plastic",6.97,2.28,1.35,1.08,1.08,4.28,40.90,13.38,7.92,6.34,6.34,25.12,RCI
51-4081.00,"Multiple Machine Tool Setters, Operators, and Tenders, Metal and Plastic",7.00,2.27,1.00,1.08,1.00,4.59,41.32,13.40,5.90,6.38,5.90,27.10,RCI
51-4111.00,Tool and Die Makers,6.94,2.98,1.90,1.00,1.00,4.19,38.53,16.55,10.55,5.55,5.55,23.26,RCI
51-4121.00,"Welders, Cutters, Solderers, and Brazers",7.00,2.08,1.40,1.08,1.53,3.65,41.82,12.43,8.36,6.45,9.14,21.80,RCI
51-4122.00,"Welding, Soldering, and Brazing Machine Setters, Operators, and Tenders",7.00,2.02,1.29,1.13,1.50,3.90,41.57,12.00,7.66,6.71,8.91,23.16,RCI
51-4191.00,"Heat Treating Equipment Setters, Operators, and Tenders, Metal and Plastic",6.82,2.20,1.00,1.57,1.00,4.07,40.94,13.21,6.00,9.42,6.00,24.43,RCI
51-4192.00,"Layout Workers, Metal and Plastic",6.48,2.83,2.88,1.02,1.00,3.89,35.80,15.64,15.91,5.64,5.52,21.49,RCA
51-4193.00,"Plating Machine Setters, Operators, and Tenders, Metal and Plastic",7.00,2.23,1.41,1.00,1.00,4.10,41.82,13.32,8.42,5.97,5.97,24.49,RCI
51-4194.00,"Tool Grinders, Filers, and Sharpeners",7.00,2.02,1.25,1.00,1.00,4.15,42.63,12.30,7.61,6.09,6.09,25.27,RCI
51-5111.00,Prepress Technicians and Workers,5.01,1.96,3.10,1.65,1.35,5.76,26.61,10.41,16.46,8.76,7.17,30.59,CRA
51-5112.00,Printing Press Operators,4.80,1.18,1.74,1.71,1.77,5.43,28.86,7.10,10.46,10.28,10.64,32.65,CRE
51-5113.00,Print Binding and Finishing Workers,5.44,1.20,2.05,1.47,1.23,5.49,32.23,7.11,12.14,8.71,7.29,32.52,CRA
51-6011.00,Laundry and Dry-Cleaning Workers,6.38,1.00,1.18,1.36,1.54,4.26,40.59,6.36,7.51,8.65,9.80,27.10,RCE
51-6021.00,"Pressers, Textile, Garment, and Related Materials",6.38,1.46,2.31,1.15,1.00,3.50,40.38,9.24,14.62,7.28,6.33,22.15,RCA
51-6031.00,Sewing Machine Operators,6.78,1.37,1.75,1.16,1.15,3.97,41.90,8.47,10.82,7.17,7.11,24.54,RCA
51-6041.00,Shoe and Leather Workers and Repairers,6.94,1.63,3.13,1.32,1.53,3.19,39.12,9.19,17.64,7.44,8.62,17.98,RCA
51-6042.00,Shoe Machine Operators and Tenders,6.71,1.77,1.67,1.30,1.54,3.88,39.77,10.49,9.90,7.71,9.13,23.00,RCI
51-6051.00,"Sewers, Hand",6.48,1.00,2.39,1.56,1.15,3.25,40.93,6.32,15.10,9.85,7.26,20.53,RCA
51-6052.00,"Tailors, Dressmakers, and Custom Sewers",5.88,1.16,3.96,1.99,2.44,3.13,31.68,6.25,21.34,10.72,13.15,16.86,RAC
51-6061.00,Textile Bleaching and Dyeing Machine Operators and Tenders,6.77,2.07,1.27,1.27,1.21,4.18,40.37,12.34,7.57,7.57,7.22,24.93,RCI
51-6062.00,"Textile Cutting Machine Setters, Operators, and Tenders",6.36,1.55,1.51,1.22,1.56,4.49,38.11,9.29,9.05,7.31,9.35,26.90,RCE
51-6063.00,"Textile Knitting and Weaving Machine Setters, Operators, and Tenders",6.95,1.81,1.56,1.02,1.36,4.28,40.93,10.66,9.19,6.01,8.01,25.21,RCI
51-6064.00,"Textile Winding, Twisting, and Drawing Out Machine Setters, Operators, and Tenders",6.50,1.48,1.33,1.00,1.53,4.32,40.22,9.16,8.23,6.19,9.47,26.73,RCE
51-6091.00,"Extruding and Forming Machine Setters, Operators, and Tenders, Synthetic and Glass Fibers",6.50,2.21,1.27,1.22,1.41,4.05,39.02,13.27,7.62,7.32,8.46,24.31,RCI
51-6092.00,Fabric and Apparel Patternmakers,5.65,1.34,5.40,1.31,1.45,4.17,29.24,6.94,27.95,6.78,7.51,21.58,RAC
51-6093.00,Upholsterers,6.81,1.84,2.92,1.38,1.00,2.92,40.37,10.91,17.31,8.18,5.93,17.31,RAC
51-7011.00,Cabinetmakers and Bench Carpenters,7.00,2.05,2.50,1.11,1.23,3.38,40.53,11.87,14.48,6.43,7.12,19.57,RCA
51-7021.00,Furniture Finishers,7.00,1.45,2.93,1.25,1.00,2.87,42.42,8.79,17.76,7.58,6.06,17.39,RAC
51-7031.00,"Model Makers, Wood",7.00,2.57,3.79,1.38,1.59,3.99,34.45,12.65,18.65,6.79,7.82,19.64,RCA
51-7032.00,"Patternmakers, Wood",6.58,2.06,4.06,1.29,1.26,4.04,34.11,10.68,21.05,6.69,6.53,20.94,RAC
51-7041.00,"Sawing Machine Setters, Operators, and Tenders, Wood",7.00,2.36,1.00,1.16,1.00,3.87,42.71,14.40,6.10,7.08,6.10,23.61,RCI
51-7042.00,"Woodworking Machine Setters, Operators, and Tenders, Except Sawing",7.00,2.38,1.13,1.20,1.02,4.14,41.49,14.11,6.70,7.11,6.05,24.54,RCI
51-8011.00,Nuclear Power Reactor Operators,5.40,3.12,1.00,2.07,2.60,5.14,27.94,16.14,5.17,10.71,13.45,26.59,RCI
51-8012.00,Power Distributors and Dispatchers,5.20,2.43,1.00,1.98,3.09,5.11,27.64,12.92,5.32,10.53,16.43,27.17,RCE
51-8013.00,Power Plant Operators,6.84,2.84,1.00,1.25,1.94,5.11,36.04,14.96,5.27,6.59,10.22,26.92,RCI
51-8013.03,Biomass Plant Technicians,6.97,3.12,1.00,1.22,1.75,4.82,36.92,16.53,5.30,6.46,9.27,25.53,RCI
51-8013.04,Hydroelectric Plant Technicians,7.00,3.28,1.00,1.21,1.77,4.68,36.96,17.32,5.28,6.39,9.35,24.71,RCI
51-8021.00,Stationary Engineers and Boiler Operators,7.00,3.16,1.00,1.10,1.22,4.40,39.15,17.67,5.59,6.15,6.82,24.61,RCI
51-8031.00,Water and Wastewater Treatment Plant and System Operators,6.75,2.55,1.00,1.57,1.62,4.60,37.31,14.10,5.53,8.68,8.96,25.43,RCI
51-8091.00,Chemical Plant and System Operators,6.22,3.18,1.00,1.22,1.60,5.16,33.84,17.30,5.44,6.64,8.71,28.07,RCI
51-8092.00,Gas Plant Operators,6.65,2.58,1.00,1.46,2.28,5.19,34.71,13.47,5.22,7.62,11.90,27.09,RCI
51-8093.00,"Petroleum Pump System Operators, Refinery Operators, and Gaugers",6.17,2.44,1.00,1.33,2.24,5.06,33.83,13.38,5.48,7.29,12.28,27.74,RCI
51-8099.01,Biofuels Processing Technicians,5.87,3.28,1.00,1.00,2.13,5.33,31.54,17.62,5.37,5.37,11.45,28.64,RCI
51-9011.00,Chemical Equipment Operators and Tenders,6.57,3.16,1.00,1.12,1.27,4.56,37.16,17.87,5.66,6.33,7.18,25.79,RCI
51-9012.00,"Separating, Filtering, Clarifying, Precipitating, and Still Machine Setters, Operators, and Tenders",6.27,2.29,1.00,1.10,1.09,4.47,38.66,14.12,6.17,6.78,6.72,27.56,RCI
51-9021.00,"Crushing, Grinding, and Polishing Machine Setters, Operators, and Tenders",6.84,2.12,1.00,1.00,1.41,4.59,40.33,12.50,5.90,5.90,8.31,27.06,RCI
51-9022.00,"Grinding and Polishing Workers, Hand",7.00,1.51,2.00,1.07,1.00,3.25,44.22,9.54,12.63,6.76,6.32,20.53,RCA
51-9023.00,"Mixing and Blending Machine Setters, Operators, and Tenders",6.56,1.94,1.13,1.09,1.16,4.24,40.69,12.03,7.01,6.76,7.20,26.30,RCI
51-9031.00,"Cutters and Trimmers, Hand",6.24,1.22,2.20,1.13,1.00,3.75,40.15,7.85,14.16,7.27,6.44,24.13,RCA
51-9032.00,"Cutting and Slicing Machine Setters, Operators, and Tenders",6.71,1.61,1.02,1.00,1.20,4.45,41.96,10.07,6.38,6.25,7.50,27.83,RCI
51-9041.00,"Extruding, Forming, Pressing, and Compacting Machine Setters, Operators, and Tenders",6.54,2.23,1.28,1.04,1.25,4.30,39.30,13.40,7.69,6.25,7.51,25.84,RCI
51-9051.00,"Furnace, Kiln, Oven, Drier, and Kettle Operators and Tenders",6.83,2.08,1.00,1.29,1.21,4.38,40.68,12.39,5.96,7.68,7.21,26.09,RCI
51-9061.00,"Inspectors, Testers, Sorters, Samplers, and Weighers",5.73,3.42,1.00,1.00,1.38,5.36,32.03,19.12,5.59,5.59,7.71,29.96,RCI
51-9071.00,Jewelers and Precious Stone and Metal Workers,6.59,2.60,3.70,1.03,1.51,3.35,35.09,13.84,19.70,5.48,8.04,17.84,RAC
51-9071.06,Gem and Diamond Workers,5.46,3.09,2.88,1.15,2.14,4.11,29.00,16.41,15.29,6.11,11.36,21.83,RCI
51-9081.00,Dental Laboratory Technicians,6.61,4.46,1.52,2.67,1.00,4.12,32.43,21.88,7.46,13.10,4.91,20.22,RIC
51-9082.00,Medical Appliance Technicians,7.00,3.96,1.58,3.20,1.00,3.66,34.31,19.41,7.75,15.69,4.90,17.94,RIC
51-9083.00,Ophthalmic Laboratory Technicians,6.37,2.87,1.70,1.90,1.37,4.13,34.73,15.65,9.27,10.36,7.47,22.52,RCI
51-9111.00,Packaging and Filling Machine Operators and Tenders,6.63,1.37,1.00,1.02,1.84,4.91,39.53,8.17,5.96,6.08,10.97,29.28,RCE
51-9123.00,"Painting, Coating, and Decorating Workers",6.93,1.34,3.42,1.57,1.00,3.40,39.24,7.59,19.37,8.89,5.66,19.25,RAC
51-9124.00,"Coating, Painting, and Spraying Machine Setters, Operators, and Tenders",6.98,1.49,2.11,1.23,1.05,3.64,42.30,9.03,12.79,7.45,6.36,22.06,RCA
51-9141.00,Semiconductor Processing Technicians,6.40,3.07,1.00,1.11,1.46,5.15,35.18,16.88,5.50,6.10,8.03,28.31,RCI
51-9151.00,Photographic Process Workers and Processing Machine Operators,5.49,2.13,2.92,1.11,1.11,5.19,30.58,11.87,16.27,6.18,6.18,28.91,RCA
51-9161.00,Computer Numerically Controlled Tool Operators,6.44,2.88,1.19,1.00,1.37,5.39,35.25,15.76,6.51,5.47,7.50,29.50,RCI
51-9162.00,Computer Numerically Controlled Tool Programmers,4.88,3.62,1.53,1.45,1.68,5.92,25.58,18.97,8.02,7.60,8.81,31.03,CRI
51-9191.00,Adhesive Bonding Machine Operators and Tenders,6.49,2.06,1.08,1.00,1.11,4.39,40.24,12.77,6.70,6.20,6.88,27.22,RCI
51-9192.00,"Cleaning, Washing, and Metal Pickling Equipment Operators and Tenders",7.00,1.68,1.00,1.00,1.00,4.41,43.51,10.44,6.22,6.22,6.22,27.41,RCI
51-9193.00,Cooling and Freezing Equipment Operators and Tenders,6.99,2.32,1.00,1.41,1.12,4.29,40.81,13.54,5.84,8.23,6.54,25.04,RCI
51-9194.00,Etchers and Engravers,6.52,2.45,3.75,1.38,1.00,3.44,35.17,13.21,20.23,7.44,5.39,18.55,RAC
51-9195.00,"Molders, Shapers, and Casters, Except Metal and Plastic",6.64,2.25,2.14,1.01,1.00,4.29,38.32,12.98,12.35,5.83,5.77,24.75,RCI
51-9195.03,"Stone Cutters and Carvers, Manufacturing",7.00,1.88,3.83,1.23,1.00,3.75,37.45,10.06,20.49,6.58,5.35,20.06,RAC
51-9195.04,"Glass Blowers, Molders, Benders, and Finishers",6.79,2.50,1.46,1.00,1.48,5.12,37.00,13.62,7.96,5.45,8.07,27.90,RCI
51-9195.05,"Potters, Manufacturing",6.92,1.64,2.16,1.00,1.19,3.69,41.69,9.88,13.01,6.02,7.17,22.23,RCA
51-9196.00,"Paper Goods Machine Setters, Operators, and Tenders",6.53,1.72,1.26,1.00,1.45,4.55,39.55,10.42,7.63,6.06,8.78,27.56,RCI
51-9197.00,Tire Builders,7.00,2.28,1.00,1.09,1.00,3.78,43.34,14.12,6.19,6.75,6.19,23.41,RCI
51-9198.00,Helpers--Production Workers,6.54,1.30,1.14,1.67,1.89,4.40,38.61,7.67,6.73,9.86,11.16,25.97,RCE
53-1041.00,Aircraft Cargo Handling Supervisors,4.60,2.19,1.00,2.47,5.37,4.79,22.53,10.72,4.90,12.10,26.30,23.46,ECR
53-1042.00,"First-Line Supervisors of Helpers, Laborers, and Material Movers, Hand",3.38,1.13,1.11,3.73,6.16,4.88,16.58,5.54,5.44,18.29,30.21,23.93,ECS
53-1042.01,Recycling Coordinators,4.00,2.25,1.00,3.37,4.77,4.57,20.04,11.27,5.01,16.88,23.90,22.90,ECR
53-1043.00,First-Line Supervisors of Material-Moving Machine and Vehicle Operators,4.76,1.83,1.00,2.56,5.20,4.79,23.63,9.09,4.97,12.71,25.82,23.78,ECR
53-1044.00,First-Line Supervisors of Passenger Attendants,2.60,1.05,1.00,4.08,6.52,5.23,12.70,5.13,4.88,19.92,31.84,25.54,ECS
53-2011.00,"Airline Pilots, Copilots, and Flight Engineers",4.74,3.15,1.44,2.50,3.81,4.70,23.30,15.49,7.08,12.29,18.73,23.11,RCE
53-2012.00,Commercial Pilots,4.79,2.55,1.10,2.57,3.92,4.82,24.25,12.91,5.57,13.01,19.85,24.41,CRE
53-2021.00,Air Traffic Controllers,4.55,2.45,1.00,2.68,4.29,4.99,22.80,12.27,5.01,13.43,21.49,25.00,CRE
53-2022.00,Airfield Operations Specialists,4.63,3.54,1.00,2.49,4.47,4.93,21.98,16.81,4.75,11.82,21.23,23.41,CRE
53-2031.00,Flight Attendants,4.04,2.04,1.27,4.19,3.63,4.41,20.63,10.42,6.49,21.40,18.54,22.52,CSR
53-3011.00,"Ambulance Drivers and Attendants, Except Emergency Medical Technicians",6.45,2.45,1.00,4.73,1.53,3.57,32.69,12.42,5.07,23.97,7.75,18.09,RSC
53-3031.00,Driver/Sales Workers,5.34,1.00,1.00,2.43,3.67,4.67,29.49,5.52,5.52,13.42,20.27,25.79,RCE
53-3032.00,Heavy and Tractor-Trailer Truck Drivers,7.00,1.92,1.00,1.33,1.30,4.10,42.04,11.53,6.01,7.99,7.81,24.62,RCI
53-3033.00,Light Truck Drivers,6.88,1.54,1.02,1.36,2.10,4.42,39.72,8.89,5.89,7.85,12.12,25.52,RCE
53-3051.00,"Bus Drivers, School",5.50,1.61,1.21,4.45,2.18,4.70,27.99,8.19,6.16,22.65,11.09,23.92,RCS
53-3052.00,"Bus Drivers, Transit and Intercity",5.95,1.00,1.00,3.60,2.81,4.70,31.22,5.25,5.25,18.89,14.74,24.66,RCS
53-3053.00,Shuttle Drivers and Chauffeurs,6.50,1.00,1.00,3.04,2.12,4.16,36.48,5.61,5.61,17.06,11.90,23.34,RCS
53-3054.00,Taxi Drivers,5.73,1.10,1.00,2.80,2.49,4.80,31.98,6.14,5.58,15.62,13.90,26.79,RCS
53-4011.00,Locomotive Engineers,7.00,3.49,1.00,1.85,1.89,4.65,35.21,17.56,5.03,9.31,9.51,23.39,RCI
53-4013.00,"Rail Yard Engineers, Dinkey Operators, and Hostlers",6.78,2.02,1.00,1.76,2.07,4.30,37.81,11.27,5.58,9.82,11.54,23.98,RCE
53-4022.00,"Railroad Brake, Signal, and Switch Operators and Locomotive Firers",7.00,2.07,1.00,1.22,1.43,4.25,41.25,12.20,5.89,7.19,8.43,25.04,RCI
53-4031.00,Railroad Conductors and Yardmasters,5.80,1.97,1.00,1.85,3.77,4.87,30.11,10.23,5.19,9.61,19.57,25.29,RCE
53-4041.00,Subway and Streetcar Operators,5.91,1.37,1.00,2.80,2.28,4.26,33.54,7.78,5.68,15.89,12.94,24.18,RCS
53-5011.00,Sailors and Marine Oilers,6.97,2.62,1.00,1.24,2.41,3.96,38.30,14.40,5.49,6.81,13.24,21.76,RCI
53-5021.00,"Captains, Mates, and Pilots of Water Vessels",5.61,2.64,1.00,1.88,4.22,4.56,28.18,13.26,5.02,9.44,21.20,22.90,RCE
53-5022.00,Motorboat Operators,6.54,2.22,1.12,1.99,3.19,3.66,34.94,11.86,5.98,10.63,17.04,19.55,RCE
53-5031.00,Ship Engineers,6.44,3.54,1.00,1.76,3.73,4.91,30.12,16.56,4.68,8.23,17.45,22.97,RCE
53-6011.00,Bridge and Lock Tenders,6.15,2.40,1.00,1.79,2.58,4.37,33.62,13.12,5.47,9.79,14.11,23.89,RCE
53-6021.00,Parking Attendants,5.64,1.00,1.15,3.03,3.12,5.07,29.67,5.26,6.05,15.94,16.41,26.67,RCE
53-6031.00,Automotive and Watercraft Service Attendants,6.40,1.32,1.00,1.97,2.15,4.37,37.19,7.67,5.81,11.45,12.49,25.39,RCE
53-6032.00,Aircraft Service Attendants,6.11,1.83,1.00,1.87,2.10,4.16,35.79,10.72,5.86,10.95,12.30,24.37,RCE
53-6041.00,Traffic Technicians,4.87,4.38,1.40,1.93,1.96,4.47,25.62,23.04,7.36,10.15,10.31,23.51,RCI
53-6051.00,Transportation Inspectors,5.69,2.91,1.00,1.56,2.64,6.17,28.49,14.57,5.01,7.81,13.22,30.90,CRI
53-6051.01,Aviation Inspectors,5.57,4.09,1.00,1.42,2.56,5.73,27.34,20.08,4.91,6.97,12.57,28.13,CRI
53-6051.07,"Transportation Vehicle, Equipment and Systems Inspectors, Except Aviation",7.00,3.72,1.00,1.00,1.35,5.14,36.44,19.36,5.21,5.21,7.03,26.76,RCI
53-6061.00,Passenger Attendants,3.76,1.15,1.00,4.35,3.08,4.45,21.14,6.46,5.62,24.45,17.31,25.01,CSR
53-7011.00,Conveyor Operators and Tenders,6.13,1.36,1.00,1.21,2.58,4.95,35.58,7.89,5.80,7.02,14.97,28.73,RCE
53-7021.00,Crane and Tower Operators,7.00,2.22,1.00,1.19,1.30,3.94,42.04,13.33,6.01,7.15,7.81,23.66,RCI
53-7031.00,Dredge Operators,6.63,2.99,1.00,1.36,2.33,3.48,37.27,16.81,5.62,7.64,13.10,19.56,RCI
53-7041.00,Hoist and Winch Operators,6.89,1.55,1.07,1.45,1.45,3.33,43.77,9.85,6.80,9.21,9.21,21.16,RCI
53-7051.00,Industrial Truck and Tractor Operators,7.00,1.78,1.00,1.11,1.23,3.71,44.22,11.24,6.32,7.01,7.77,23.44,RCI
53-7061.00,Cleaners of Vehicles and Equipment,7.00,1.15,1.00,1.04,1.00,4.04,45.96,7.55,6.57,6.83,6.57,26.53,RCI
53-7062.00,"Laborers and Freight, Stock, and Material Movers, Hand",6.04,1.12,1.00,1.47,2.04,4.94,36.36,6.74,6.02,8.85,12.28,29.74,RCE
53-7062.04,Recycling and Reclamation Workers,6.28,2.04,1.00,1.28,1.59,4.39,37.88,12.30,6.03,7.72,9.59,26.48,RCI
53-7063.00,Machine Feeders and Offbearers,6.96,2.07,1.00,1.00,1.00,4.49,42.13,12.53,6.05,6.05,6.05,27.18,RCI
53-7064.00,"Packers and Packagers, Hand",5.59,1.34,1.50,1.39,2.27,5.41,31.94,7.66,8.57,7.94,12.97,30.91,RCE
53-7065.00,Stockers and Order Fillers,4.79,1.00,1.00,1.88,3.29,6.25,26.30,5.49,5.49,10.32,18.07,34.32,CRE
53-7071.00,Gas Compressor and Gas Pumping Station Operators,6.27,2.30,1.00,1.51,1.49,4.83,36.03,13.22,5.75,8.68,8.56,27.76,RCI
53-7072.00,"Pump Operators, Except Wellhead Pumpers",6.68,2.27,1.00,1.28,1.46,4.50,38.86,13.21,5.82,7.45,8.49,26.18,RCI
53-7073.00,Wellhead Pumpers,6.92,2.26,1.00,1.11,1.77,4.29,39.88,13.03,5.76,6.40,10.20,24.73,RCI
53-7081.00,Refuse and Recyclable Material Collectors,7.00,1.83,1.00,1.29,1.36,4.53,41.15,10.76,5.88,7.58,8.00,26.63,RCI
53-7121.00,"Tank Car, Truck, and Ship Loaders",6.96,1.98,1.00,1.00,1.30,4.77,40.92,11.64,5.88,5.88,7.64,28.04,RCI
